InputSize	GroupSize	Distribution	resultSize	PSTime	Variant	Intent	localSize	Aggregate	AggTime
20	0	0	1	7.22914e+06	0	1	1	1048576	1.46516e+07
20	0	0	1	7.22914e+06	0	1	2	1048576	1.50517e+07
20	0	0	1	7.22914e+06	0	1	3	1048576	1.23783e+07
20	0	0	1	7.22914e+06	0	1	4	1048576	9.80009e+06
20	0	0	1	7.22914e+06	0	1	5	1048576	1.21819e+07
20	0	0	1	7.22914e+06	0	1	6	1048576	1.42714e+07
20	0	0	1	7.22914e+06	0	1	7	1048576	1.17673e+07
20	0	0	1	7.22914e+06	0	1	8	1048576	1.04097e+07
20	0	0	1	7.22914e+06	0	1	9	1048576	1.22319e+07
20	0	0	1	7.22914e+06	0	1	10	1048576	1.11625e+07
20	0	0	1	7.22914e+06	1	2	1	1048576	1.45432e+07
20	0	0	1	7.22914e+06	1	2	2	1048576	1.35696e+07
20	0	0	1	7.22914e+06	1	2	3	1048576	1.13155e+07
20	0	0	1	7.22914e+06	1	2	4	1048576	1.13105e+07
20	0	0	1	7.22914e+06	1	2	5	1048576	1.12181e+07
20	0	0	1	7.22914e+06	1	2	6	1048576	1.31396e+07
20	0	0	1	7.22914e+06	1	2	7	1048576	1.2632e+07
20	0	0	1	7.22914e+06	1	2	8	1048576	1.2043e+07
20	0	0	1	7.22914e+06	1	2	9	1048576	1.21518e+07
20	0	0	1	7.22914e+06	1	2	10	1048576	1.02002e+07
20	0	0	1	7.22914e+06	1	4	1	1048576	1.51462e+07
20	0	0	1	7.22914e+06	1	4	2	1048576	1.12767e+07
20	0	0	1	7.22914e+06	1	4	3	1048576	1.24681e+07
20	0	0	1	7.22914e+06	1	4	4	1048576	1.22096e+07
20	0	0	1	7.22914e+06	1	4	5	1048576	1.04794e+07
20	0	0	1	7.22914e+06	1	4	6	1048576	1.06496e+07
20	0	0	1	7.22914e+06	1	4	7	1048576	1.12545e+07
20	0	0	1	7.22914e+06	1	4	8	1048576	1.36237e+07
20	0	0	1	7.22914e+06	1	4	9	1048576	1.18101e+07
20	0	0	1	7.22914e+06	1	4	10	1048576	1.41139e+07
20	0	0	1	7.22914e+06	1	8	1	1048576	1.12269e+07
20	0	0	1	7.22914e+06	1	8	2	1048576	1.03479e+07
20	0	0	1	7.22914e+06	1	8	3	1048576	1.14808e+07
20	0	0	1	7.22914e+06	1	8	4	1048576	1.14841e+07
20	0	0	1	7.22914e+06	1	8	5	1048576	1.25395e+07
20	0	0	1	7.22914e+06	1	8	6	1048576	1.19846e+07
20	0	0	1	7.22914e+06	1	8	7	1048576	9.84909e+06
20	0	0	1	7.22914e+06	1	8	8	1048576	1.27258e+07
20	0	0	1	7.22914e+06	1	8	9	1048576	1.22493e+07
20	0	0	1	7.22914e+06	1	8	10	1048576	1.27907e+07
20	0	0	1	7.22914e+06	1	16	1	1048576	1.41537e+07
20	0	0	1	7.22914e+06	1	16	2	1048576	1.29463e+07
20	0	0	1	7.22914e+06	1	16	3	1048576	1.28372e+07
20	0	0	1	7.22914e+06	1	16	4	1048576	1.11101e+07
20	0	0	1	7.22914e+06	1	16	5	1048576	1.17191e+07
20	0	0	1	7.22914e+06	1	16	6	1048576	1.58669e+07
20	0	0	1	7.22914e+06	1	16	7	1048576	1.21794e+07
20	0	0	1	7.22914e+06	1	16	8	1048576	1.07219e+07
20	0	0	1	7.22914e+06	1	16	9	1048576	1.0343e+07
20	0	0	1	7.22914e+06	1	16	10	1048576	1.07122e+07
20	0	0	1	7.22914e+06	1	32	1	1048576	9.30003e+06
20	0	0	1	7.22914e+06	1	32	2	1048576	1.42634e+07
20	0	0	1	7.22914e+06	1	32	3	1048576	1.25928e+07
20	0	0	1	7.22914e+06	1	32	4	1048576	1.30586e+07
20	0	0	1	7.22914e+06	1	32	5	1048576	1.26444e+07
20	0	0	1	7.22914e+06	1	32	6	1048576	1.37794e+07
20	0	0	1	7.22914e+06	1	32	7	1048576	1.31459e+07
20	0	0	1	7.22914e+06	1	32	8	1048576	1.06006e+07
20	0	0	1	7.22914e+06	1	32	9	1048576	1.21455e+07
20	0	0	1	7.22914e+06	1	32	10	1048576	1.10821e+07
20	0	0	1	7.22914e+06	1	64	1	1048576	1.09755e+07
20	0	0	1	7.22914e+06	1	64	2	1048576	1.09624e+07
20	0	0	1	7.22914e+06	1	64	3	1048576	1.5077e+07
20	0	0	1	7.22914e+06	1	64	4	1048576	1.53905e+07
20	0	0	1	7.22914e+06	1	64	5	1048576	1.32132e+07
20	0	0	1	7.22914e+06	1	64	6	1048576	1.14107e+07
20	0	0	1	7.22914e+06	1	64	7	1048576	1.29533e+07
20	0	0	1	7.22914e+06	1	64	8	1048576	1.17054e+07
20	0	0	1	7.22914e+06	1	64	9	1048576	1.05447e+07
20	0	0	1	7.22914e+06	1	64	10	1048576	1.20684e+07
20	0	0	1	7.22914e+06	1	128	1	1048576	1.22285e+07
20	0	0	1	7.22914e+06	1	128	2	1048576	1.21665e+07
20	0	0	1	7.22914e+06	1	128	3	1048576	1.18744e+07
20	0	0	1	7.22914e+06	1	128	4	1048576	1.13941e+07
20	0	0	1	7.22914e+06	1	128	5	1048576	1.17063e+07
20	0	0	1	7.22914e+06	1	128	6	1048576	1.09671e+07
20	0	0	1	7.22914e+06	1	128	7	1048576	1.06405e+07
20	0	0	1	7.22914e+06	1	128	8	1048576	1.0125e+07
20	0	0	1	7.22914e+06	1	128	9	1048576	1.155e+07
20	0	0	1	7.22914e+06	1	128	10	1048576	1.0598e+07
20	0	0	1	7.22914e+06	1	256	1	1048576	1.29737e+07
20	0	0	1	7.22914e+06	1	256	2	1048576	1.05296e+07
20	0	0	1	7.22914e+06	1	256	3	1048576	1.04282e+07
20	0	0	1	7.22914e+06	1	256	4	1048576	1.02676e+07
20	0	0	1	7.22914e+06	1	256	5	1048576	1.01596e+07
20	0	0	1	7.22914e+06	1	256	6	1048576	1.01806e+07
20	0	0	1	7.22914e+06	1	256	7	1048576	1.06813e+07
20	0	0	1	7.22914e+06	1	256	8	1048576	1.09467e+07
20	0	0	1	7.22914e+06	1	256	9	1048576	1.0938e+07
20	0	0	1	7.22914e+06	1	256	10	1048576	1.0381e+07
20	0	0	1	7.22914e+06	1	512	1	1048576	1.12329e+07
20	0	0	1	7.22914e+06	1	512	2	1048576	1.03555e+07
20	0	0	1	7.22914e+06	1	512	3	1048576	1.05608e+07
20	0	0	1	7.22914e+06	1	512	4	1048576	1.10773e+07
20	0	0	1	7.22914e+06	1	512	5	1048576	9.6941e+06
20	0	0	1	7.22914e+06	1	512	6	1048576	1.02633e+07
20	0	0	1	7.22914e+06	1	512	7	1048576	1.06009e+07
20	0	0	1	7.22914e+06	1	512	8	1048576	1.03123e+07
20	0	0	1	7.22914e+06	1	512	9	1048576	1.15214e+07
20	0	0	1	7.22914e+06	1	512	10	1048576	8.95332e+06
20	0	0	1	7.22914e+06	2	2	1	1048576	7.19777e+06
20	0	0	1	7.22914e+06	2	2	2	1048576	6.01022e+06
20	0	0	1	7.22914e+06	2	2	3	1048576	5.63355e+06
20	0	0	1	7.22914e+06	2	2	4	1048576	7.03534e+06
20	0	0	1	7.22914e+06	2	2	5	1048576	5.76084e+06
20	0	0	1	7.22914e+06	2	2	6	1048576	6.38336e+06
20	0	0	1	7.22914e+06	2	2	7	1048576	6.07419e+06
20	0	0	1	7.22914e+06	2	2	8	1048576	5.72613e+06
20	0	0	1	7.22914e+06	2	2	9	1048576	5.87237e+06
20	0	0	1	7.22914e+06	2	2	10	1048576	6.15482e+06
20	0	0	1	7.22914e+06	2	4	1	1048576	4.72958e+06
20	0	0	1	7.22914e+06	2	4	2	1048576	3.55679e+06
20	0	0	1	7.22914e+06	2	4	3	1048576	3.13619e+06
20	0	0	1	7.22914e+06	2	4	4	1048576	3.48815e+06
20	0	0	1	7.22914e+06	2	4	5	1048576	2.9933e+06
20	0	0	1	7.22914e+06	2	4	6	1048576	2.76643e+06
20	0	0	1	7.22914e+06	2	4	7	1048576	3.36122e+06
20	0	0	1	7.22914e+06	2	4	8	1048576	3.57772e+06
20	0	0	1	7.22914e+06	2	4	9	1048576	3.63548e+06
20	0	0	1	7.22914e+06	2	4	10	1048576	2.75439e+06
20	0	0	1	7.22914e+06	2	8	1	1048576	1.78535e+06
20	0	0	1	7.22914e+06	2	8	2	1048576	2.06861e+06
20	0	0	1	7.22914e+06	2	8	3	1048576	2.04215e+06
20	0	0	1	7.22914e+06	2	8	4	1048576	1.62816e+06
20	0	0	1	7.22914e+06	2	8	5	1048576	1.37471e+06
20	0	0	1	7.22914e+06	2	8	6	1048576	1.34157e+06
20	0	0	1	7.22914e+06	2	8	7	1048576	1.44292e+06
20	0	0	1	7.22914e+06	2	8	8	1048576	1.51394e+06
20	0	0	1	7.22914e+06	2	8	9	1048576	1.4782e+06
20	0	0	1	7.22914e+06	2	8	10	1048576	1.89982e+06
20	0	0	1	7.22914e+06	2	16	1	1048576	1.29711e+06
20	0	0	1	7.22914e+06	2	16	2	1048576	1.38476e+06
20	0	0	1	7.22914e+06	2	16	3	1048576	1.33471e+06
20	0	0	1	7.22914e+06	2	16	4	1048576	1.17607e+06
20	0	0	1	7.22914e+06	2	16	5	1048576	1.46331e+06
20	0	0	1	7.22914e+06	2	16	6	1048576	1.09955e+06
20	0	0	1	7.22914e+06	2	16	7	1048576	1.05371e+06
20	0	0	1	7.22914e+06	2	16	8	1048576	1.99189e+06
20	0	0	1	7.22914e+06	2	16	9	1048576	932951
20	0	0	1	7.22914e+06	2	16	10	1048576	1.23721e+06
20	0	0	1	7.22914e+06	2	32	1	1048576	1.69439e+06
20	0	0	1	7.22914e+06	2	32	2	1048576	1.25018e+06
20	0	0	1	7.22914e+06	2	32	3	1048576	1.46912e+06
20	0	0	1	7.22914e+06	2	32	4	1048576	1.43884e+06
20	0	0	1	7.22914e+06	2	32	5	1048576	1.51483e+06
20	0	0	1	7.22914e+06	2	32	6	1048576	1.61123e+06
20	0	0	1	7.22914e+06	2	32	7	1048576	1.57615e+06
20	0	0	1	7.22914e+06	2	32	8	1048576	1.24259e+06
20	0	0	1	7.22914e+06	2	32	9	1048576	2.53951e+06
20	0	0	1	7.22914e+06	2	32	10	1048576	1.03424e+06
20	0	0	1	7.22914e+06	2	64	1	1048576	1.12197e+06
20	0	0	1	7.22914e+06	2	64	2	1048576	1.41958e+06
20	0	0	1	7.22914e+06	2	64	3	1048576	1.28811e+06
20	0	0	1	7.22914e+06	2	64	4	1048576	856953
20	0	0	1	7.22914e+06	2	64	5	1048576	1.37804e+06
20	0	0	1	7.22914e+06	2	64	6	1048576	1.21703e+06
20	0	0	1	7.22914e+06	2	64	7	1048576	1.01185e+06
20	0	0	1	7.22914e+06	2	64	8	1048576	1.1513e+06
20	0	0	1	7.22914e+06	2	64	9	1048576	588901
20	0	0	1	7.22914e+06	2	64	10	1048576	941876
20	0	0	1	7.22914e+06	2	128	1	1048576	746434
20	0	0	1	7.22914e+06	2	128	2	1048576	554080
20	0	0	1	7.22914e+06	2	128	3	1048576	669626
20	0	0	1	7.22914e+06	2	128	4	1048576	1.62179e+06
20	0	0	1	7.22914e+06	2	128	5	1048576	1.19785e+06
20	0	0	1	7.22914e+06	2	128	6	1048576	638736
20	0	0	1	7.22914e+06	2	128	7	1048576	965786
20	0	0	1	7.22914e+06	2	128	8	1048576	1.05424e+06
20	0	0	1	7.22914e+06	2	128	9	1048576	1.07272e+06
20	0	0	1	7.22914e+06	2	128	10	1048576	1.00287e+06
20	0	0	1	7.22914e+06	2	256	1	1048576	833762
20	0	0	1	7.22914e+06	2	256	2	1048576	1.09924e+06
20	0	0	1	7.22914e+06	2	256	3	1048576	703104
20	0	0	1	7.22914e+06	2	256	4	1048576	829198
20	0	0	1	7.22914e+06	2	256	5	1048576	537060
20	0	0	1	7.22914e+06	2	256	6	1048576	1.42807e+06
20	0	0	1	7.22914e+06	2	256	7	1048576	1.01868e+06
20	0	0	1	7.22914e+06	2	256	8	1048576	1.19767e+06
20	0	0	1	7.22914e+06	2	256	9	1048576	1.08655e+06
20	0	0	1	7.22914e+06	2	256	10	1048576	684891
20	0	0	1	7.22914e+06	2	512	1	1048576	1.42682e+06
20	0	0	1	7.22914e+06	2	512	2	1048576	945855
20	0	0	1	7.22914e+06	2	512	3	1048576	1.38601e+06
20	0	0	1	7.22914e+06	2	512	4	1048576	752486
20	0	0	1	7.22914e+06	2	512	5	1048576	867414
20	0	0	1	7.22914e+06	2	512	6	1048576	936283
20	0	0	1	7.22914e+06	2	512	7	1048576	1.03894e+06
20	0	0	1	7.22914e+06	2	512	8	1048576	1.26179e+06
20	0	0	1	7.22914e+06	2	512	9	1048576	1.07099e+06
20	0	0	1	7.22914e+06	2	512	10	1048576	884152
20	0	0	1	7.22914e+06	3	2	1	1048576	9.45963e+06
20	0	0	1	7.22914e+06	3	2	2	1048576	9.24543e+06
20	0	0	1	7.22914e+06	3	2	3	1048576	8.84101e+06
20	0	0	1	7.22914e+06	3	2	4	1048576	6.57701e+06
20	0	0	1	7.22914e+06	3	2	5	1048576	4.52196e+06
20	0	0	1	7.22914e+06	3	2	6	1048576	4.60812e+06
20	0	0	1	7.22914e+06	3	2	7	1048576	6.34037e+06
20	0	0	1	7.22914e+06	3	2	8	1048576	6.41067e+06
20	0	0	1	7.22914e+06	3	2	9	1048576	5.82096e+06
20	0	0	1	7.22914e+06	3	2	10	1048576	5.84577e+06
20	0	0	1	7.22914e+06	3	4	1	1048576	5.42149e+06
20	0	0	1	7.22914e+06	3	4	2	1048576	5.57738e+06
20	0	0	1	7.22914e+06	3	4	3	1048576	3.52558e+06
20	0	0	1	7.22914e+06	3	4	4	1048576	6.60612e+06
20	0	0	1	7.22914e+06	3	4	5	1048576	3.85114e+06
20	0	0	1	7.22914e+06	3	4	6	1048576	3.47744e+06
20	0	0	1	7.22914e+06	3	4	7	1048576	5.0192e+06
20	0	0	1	7.22914e+06	3	4	8	1048576	2.92836e+06
20	0	0	1	7.22914e+06	3	4	9	1048576	3.57997e+06
20	0	0	1	7.22914e+06	3	4	10	1048576	6.33408e+06
20	0	0	1	7.22914e+06	3	8	1	1048576	3.36372e+06
20	0	0	1	7.22914e+06	3	8	2	1048576	2.39478e+06
20	0	0	1	7.22914e+06	3	8	3	1048576	1.96675e+06
20	0	0	1	7.22914e+06	3	8	4	1048576	2.37971e+06
20	0	0	1	7.22914e+06	3	8	5	1048576	2.0115e+06
20	0	0	1	7.22914e+06	3	8	6	1048576	1.83531e+06
20	0	0	1	7.22914e+06	3	8	7	1048576	2.58572e+06
20	0	0	1	7.22914e+06	3	8	8	1048576	2.32777e+06
20	0	0	1	7.22914e+06	3	8	9	1048576	2.18902e+06
20	0	0	1	7.22914e+06	3	8	10	1048576	2.52182e+06
20	0	0	1	7.22914e+06	3	16	1	1048576	2.43972e+06
20	0	0	1	7.22914e+06	3	16	2	1048576	3.24016e+06
20	0	0	1	7.22914e+06	3	16	3	1048576	2.64107e+06
20	0	0	1	7.22914e+06	3	16	4	1048576	2.23689e+06
20	0	0	1	7.22914e+06	3	16	5	1048576	1.56645e+06
20	0	0	1	7.22914e+06	3	16	6	1048576	1.19156e+06
20	0	0	1	7.22914e+06	3	16	7	1048576	1.83087e+06
20	0	0	1	7.22914e+06	3	16	8	1048576	1.61536e+06
20	0	0	1	7.22914e+06	3	16	9	1048576	1.21859e+06
20	0	0	1	7.22914e+06	3	16	10	1048576	1.85964e+06
20	0	0	1	7.22914e+06	3	32	1	1048576	1.20548e+06
20	0	0	1	7.22914e+06	3	32	2	1048576	1.03561e+06
20	0	0	1	7.22914e+06	3	32	3	1048576	1.70051e+06
20	0	0	1	7.22914e+06	3	32	4	1048576	1.23289e+06
20	0	0	1	7.22914e+06	3	32	5	1048576	1.69519e+06
20	0	0	1	7.22914e+06	3	32	6	1048576	1.73164e+06
20	0	0	1	7.22914e+06	3	32	7	1048576	1.68751e+06
20	0	0	1	7.22914e+06	3	32	8	1048576	2.95636e+06
20	0	0	1	7.22914e+06	3	32	9	1048576	2.73029e+06
20	0	0	1	7.22914e+06	3	32	10	1048576	1.23105e+06
20	0	0	1	7.22914e+06	3	64	1	1048576	1.52584e+06
20	0	0	1	7.22914e+06	3	64	2	1048576	1.3113e+06
20	0	0	1	7.22914e+06	3	64	3	1048576	905020
20	0	0	1	7.22914e+06	3	64	4	1048576	1.02003e+06
20	0	0	1	7.22914e+06	3	64	5	1048576	1.38517e+06
20	0	0	1	7.22914e+06	3	64	6	1048576	1.51806e+06
20	0	0	1	7.22914e+06	3	64	7	1048576	1.51544e+06
20	0	0	1	7.22914e+06	3	64	8	1048576	845761
20	0	0	1	7.22914e+06	3	64	9	1048576	1.05233e+06
20	0	0	1	7.22914e+06	3	64	10	1048576	1.26405e+06
20	0	0	1	7.22914e+06	3	128	1	1048576	764881
20	0	0	1	7.22914e+06	3	128	2	1048576	1.37478e+06
20	0	0	1	7.22914e+06	3	128	3	1048576	1.03017e+06
20	0	0	1	7.22914e+06	3	128	4	1048576	1.11768e+06
20	0	0	1	7.22914e+06	3	128	5	1048576	1.08606e+06
20	0	0	1	7.22914e+06	3	128	6	1048576	758978
20	0	0	1	7.22914e+06	3	128	7	1048576	917525
20	0	0	1	7.22914e+06	3	128	8	1048576	1.11408e+06
20	0	0	1	7.22914e+06	3	128	9	1048576	829375
20	0	0	1	7.22914e+06	3	128	10	1048576	1.23759e+06
20	0	0	1	7.22914e+06	3	256	1	1048576	1.07587e+06
20	0	0	1	7.22914e+06	3	256	2	1048576	769557
20	0	0	1	7.22914e+06	3	256	3	1048576	1.2079e+06
20	0	0	1	7.22914e+06	3	256	4	1048576	1.46037e+06
20	0	0	1	7.22914e+06	3	256	5	1048576	1.29142e+06
20	0	0	1	7.22914e+06	3	256	6	1048576	1.07581e+06
20	0	0	1	7.22914e+06	3	256	7	1048576	1.16539e+06
20	0	0	1	7.22914e+06	3	256	8	1048576	1.49429e+06
20	0	0	1	7.22914e+06	3	256	9	1048576	1.39686e+06
20	0	0	1	7.22914e+06	3	256	10	1048576	1.6957e+06
20	0	0	1	7.22914e+06	3	512	1	1048576	1.47925e+06
20	0	0	1	7.22914e+06	3	512	2	1048576	1.48605e+06
20	0	0	1	7.22914e+06	3	512	3	1048576	1.33014e+06
20	0	0	1	7.22914e+06	3	512	4	1048576	1.02668e+06
20	0	0	1	7.22914e+06	3	512	5	1048576	1.28056e+06
20	0	0	1	7.22914e+06	3	512	6	1048576	1.12054e+06
20	0	0	1	7.22914e+06	3	512	7	1048576	1.63365e+06
20	0	0	1	7.22914e+06	3	512	8	1048576	1.11561e+06
20	0	0	1	7.22914e+06	3	512	9	1048576	1.50813e+06
20	0	0	1	7.22914e+06	3	512	10	1048576	977572
20	0	0	1	7.22914e+06	4	1	1	1048576	2.41174e+07
20	0	0	1	7.22914e+06	4	1	2	1048576	1.03749e+07
20	0	0	1	7.22914e+06	4	1	3	1048576	7.38332e+06
20	0	0	1	7.22914e+06	4	1	4	1048576	5.61402e+06
20	0	0	1	7.22914e+06	4	1	5	1048576	4.2239e+06
20	0	0	1	7.22914e+06	4	1	6	1048576	3.44756e+06
20	0	0	1	7.22914e+06	4	1	7	1048576	4.49213e+06
20	0	0	1	7.22914e+06	4	1	8	1048576	5.69887e+06
20	0	0	1	7.22914e+06	4	1	9	1048576	3.68913e+06
20	0	0	1	7.22914e+06	4	1	10	1048576	4.04111e+06
20	0	0	1	7.22914e+06	5	2	1	1048576	1.07691e+07
20	0	0	1	7.22914e+06	5	2	2	1048576	6.4734e+06
20	0	0	1	7.22914e+06	5	2	3	1048576	4.98706e+06
20	0	0	1	7.22914e+06	5	2	4	1048576	2.5735e+06
20	0	0	1	7.22914e+06	5	2	5	1048576	3.61212e+06
20	0	0	1	7.22914e+06	5	2	6	1048576	2.11697e+06
20	0	0	1	7.22914e+06	5	2	7	1048576	3.69593e+06
20	0	0	1	7.22914e+06	5	2	8	1048576	2.58054e+06
20	0	0	1	7.22914e+06	5	2	9	1048576	3.67026e+06
20	0	0	1	7.22914e+06	5	2	10	1048576	4.01252e+06
20	0	0	1	7.22914e+06	5	4	1	1048576	1.02233e+07
20	0	0	1	7.22914e+06	5	4	2	1048576	5.37714e+06
20	0	0	1	7.22914e+06	5	4	3	1048576	3.78148e+06
20	0	0	1	7.22914e+06	5	4	4	1048576	2.44653e+06
20	0	0	1	7.22914e+06	5	4	5	1048576	1.92326e+06
20	0	0	1	7.22914e+06	5	4	6	1048576	2.13873e+06
20	0	0	1	7.22914e+06	5	4	7	1048576	2.0819e+06
20	0	0	1	7.22914e+06	5	4	8	1048576	1.90757e+06
20	0	0	1	7.22914e+06	5	4	9	1048576	1.71737e+06
20	0	0	1	7.22914e+06	5	4	10	1048576	1.81498e+06
20	0	0	1	7.22914e+06	5	8	1	1048576	2.98183e+06
20	0	0	1	7.22914e+06	5	8	2	1048576	2.81544e+06
20	0	0	1	7.22914e+06	5	8	3	1048576	1.73491e+06
20	0	0	1	7.22914e+06	5	8	4	1048576	2.13726e+06
20	0	0	1	7.22914e+06	5	8	5	1048576	1.96077e+06
20	0	0	1	7.22914e+06	5	8	6	1048576	1.70131e+06
20	0	0	1	7.22914e+06	5	8	7	1048576	1.68857e+06
20	0	0	1	7.22914e+06	5	8	8	1048576	1.25705e+06
20	0	0	1	7.22914e+06	5	8	9	1048576	1.58026e+06
20	0	0	1	7.22914e+06	5	8	10	1048576	2.934e+06
20	0	0	1	7.22914e+06	5	16	1	1048576	3.24034e+06
20	0	0	1	7.22914e+06	5	16	2	1048576	1.8363e+06
20	0	0	1	7.22914e+06	5	16	3	1048576	1.13164e+06
20	0	0	1	7.22914e+06	5	16	4	1048576	1.44788e+06
20	0	0	1	7.22914e+06	5	16	5	1048576	1.26461e+06
20	0	0	1	7.22914e+06	5	16	6	1048576	1.35005e+06
20	0	0	1	7.22914e+06	5	16	7	1048576	1.58044e+06
20	0	0	1	7.22914e+06	5	16	8	1048576	1.0771e+06
20	0	0	1	7.22914e+06	5	16	9	1048576	1.90248e+06
20	0	0	1	7.22914e+06	5	16	10	0	0
20	0	0	1	7.22914e+06	5	32	1	1048576	3.19942e+06
20	0	0	1	7.22914e+06	5	32	2	1048576	1.59069e+06
20	0	0	1	7.22914e+06	5	32	3	1048576	1.97406e+06
20	0	0	1	7.22914e+06	5	32	4	1048576	1.98198e+06
20	0	0	1	7.22914e+06	5	32	5	1048576	2.51339e+06
20	0	0	1	7.22914e+06	5	32	6	1048576	1.24958e+06
20	0	0	1	7.22914e+06	5	32	7	1048576	1.47237e+06
20	0	0	1	7.22914e+06	5	32	8	1048576	1.43275e+06
20	0	0	1	7.22914e+06	5	32	9	0	0
20	0	0	1	7.22914e+06	5	32	10	0	0
20	0	0	1	7.22914e+06	5	64	1	1048576	1.76719e+06
20	0	0	1	7.22914e+06	5	64	2	1048576	1.06237e+06
20	0	0	1	7.22914e+06	5	64	3	1048576	1.23015e+06
20	0	0	1	7.22914e+06	5	64	4	1048576	2.42239e+06
20	0	0	1	7.22914e+06	5	64	5	1048576	900521
20	0	0	1	7.22914e+06	5	64	6	1048576	1.50954e+06
20	0	0	1	7.22914e+06	5	64	7	1048576	1.02495e+06
20	0	0	1	7.22914e+06	5	64	8	0	0
20	0	0	1	7.22914e+06	5	64	9	0	0
20	0	0	1	7.22914e+06	5	64	10	0	0
20	0	0	1	7.22914e+06	5	128	1	1048576	3.20673e+06
20	0	0	1	7.22914e+06	5	128	2	1048576	1.28672e+06
20	0	0	1	7.22914e+06	5	128	3	1048576	2.00544e+06
20	0	0	1	7.22914e+06	5	128	4	1048576	1.25981e+06
20	0	0	1	7.22914e+06	5	128	5	1048576	1.7162e+06
20	0	0	1	7.22914e+06	5	128	6	1048576	922564
20	0	0	1	7.22914e+06	5	128	7	0	0
20	0	0	1	7.22914e+06	5	128	8	0	0
20	0	0	1	7.22914e+06	5	128	9	0	0
20	0	0	1	7.22914e+06	5	128	10	0	0
20	0	0	1	7.22914e+06	5	256	1	1048576	1.50477e+06
20	0	0	1	7.22914e+06	5	256	2	1048576	915437
20	0	0	1	7.22914e+06	5	256	3	1048576	947325
20	0	0	1	7.22914e+06	5	256	4	1048576	1.30557e+06
20	0	0	1	7.22914e+06	5	256	5	1048576	1.10586e+06
20	0	0	1	7.22914e+06	5	256	6	0	0
20	0	0	1	7.22914e+06	5	256	7	0	0
20	0	0	1	7.22914e+06	5	256	8	0	0
20	0	0	1	7.22914e+06	5	256	9	0	0
20	0	0	1	7.22914e+06	5	256	10	0	0
20	0	0	1	7.22914e+06	5	512	1	1048576	1.56787e+06
20	0	0	1	7.22914e+06	5	512	2	1048576	1.20956e+06
20	0	0	1	7.22914e+06	5	512	3	1048576	911695
20	0	0	1	7.22914e+06	5	512	4	1048576	1.38471e+06
20	0	0	1	7.22914e+06	5	512	5	0	0
20	0	0	1	7.22914e+06	5	512	6	0	0
20	0	0	1	7.22914e+06	5	512	7	0	0
20	0	0	1	7.22914e+06	5	512	8	0	0
20	0	0	1	7.22914e+06	5	512	9	0	0
20	0	0	1	7.22914e+06	5	512	10	0	0
20	0	0	1	7.22914e+06	6	2	1	1048576	7.2539e+06
20	0	0	1	7.22914e+06	6	2	2	1048576	5.79415e+06
20	0	0	1	7.22914e+06	6	2	3	1048576	3.05674e+06
20	0	0	1	7.22914e+06	6	2	4	1048576	3.39324e+06
20	0	0	1	7.22914e+06	6	2	5	1048576	2.22893e+06
20	0	0	1	7.22914e+06	6	2	6	1048576	1.88479e+06
20	0	0	1	7.22914e+06	6	2	7	1048576	2.5094e+06
20	0	0	1	7.22914e+06	6	2	8	1048576	1.79269e+06
20	0	0	1	7.22914e+06	6	2	9	1048576	2.03679e+06
20	0	0	1	7.22914e+06	6	2	10	1048576	1.71864e+06
20	0	0	1	7.22914e+06	6	4	1	1048576	4.43513e+06
20	0	0	1	7.22914e+06	6	4	2	1048576	3.70179e+06
20	0	0	1	7.22914e+06	6	4	3	1048576	2.25644e+06
20	0	0	1	7.22914e+06	6	4	4	1048576	2.71129e+06
20	0	0	1	7.22914e+06	6	4	5	1048576	2.56578e+06
20	0	0	1	7.22914e+06	6	4	6	1048576	1.83098e+06
20	0	0	1	7.22914e+06	6	4	7	1048576	1.40066e+06
20	0	0	1	7.22914e+06	6	4	8	1048576	1.41229e+06
20	0	0	1	7.22914e+06	6	4	9	1048576	2.52611e+06
20	0	0	1	7.22914e+06	6	4	10	1048576	1.30847e+06
20	0	0	1	7.22914e+06	6	8	1	1048576	2.73492e+06
20	0	0	1	7.22914e+06	6	8	2	1048576	1.67575e+06
20	0	0	1	7.22914e+06	6	8	3	1048576	1.26384e+06
20	0	0	1	7.22914e+06	6	8	4	1048576	1.37383e+06
20	0	0	1	7.22914e+06	6	8	5	1048576	1.56162e+06
20	0	0	1	7.22914e+06	6	8	6	1048576	1.26389e+06
20	0	0	1	7.22914e+06	6	8	7	1048576	996353
20	0	0	1	7.22914e+06	6	8	8	1048576	1.45002e+06
20	0	0	1	7.22914e+06	6	8	9	1048576	1.35624e+06
20	0	0	1	7.22914e+06	6	8	10	1048576	1.43984e+06
20	0	0	1	7.22914e+06	6	16	1	1048576	1.68466e+06
20	0	0	1	7.22914e+06	6	16	2	1048576	1.84767e+06
20	0	0	1	7.22914e+06	6	16	3	1048576	891894
20	0	0	1	7.22914e+06	6	16	4	1048576	923847
20	0	0	1	7.22914e+06	6	16	5	1048576	1.29725e+06
20	0	0	1	7.22914e+06	6	16	6	1048576	1.76111e+06
20	0	0	1	7.22914e+06	6	16	7	1048576	843210
20	0	0	1	7.22914e+06	6	16	8	1048576	1.4952e+06
20	0	0	1	7.22914e+06	6	16	9	1048576	1.10925e+06
20	0	0	1	7.22914e+06	6	16	10	0	0
20	0	0	1	7.22914e+06	6	32	1	1048576	1.38811e+06
20	0	0	1	7.22914e+06	6	32	2	1048576	1.77322e+06
20	0	0	1	7.22914e+06	6	32	3	1048576	1.80475e+06
20	0	0	1	7.22914e+06	6	32	4	1048576	1.48752e+06
20	0	0	1	7.22914e+06	6	32	5	1048576	935951
20	0	0	1	7.22914e+06	6	32	6	1048576	1.06368e+06
20	0	0	1	7.22914e+06	6	32	7	1048576	888087
20	0	0	1	7.22914e+06	6	32	8	1048576	982694
20	0	0	1	7.22914e+06	6	32	9	0	0
20	0	0	1	7.22914e+06	6	32	10	0	0
20	0	0	1	7.22914e+06	6	64	1	1048576	1.72056e+06
20	0	0	1	7.22914e+06	6	64	2	1048576	1.50019e+06
20	0	0	1	7.22914e+06	6	64	3	1048576	1.21494e+06
20	0	0	1	7.22914e+06	6	64	4	1048576	1.59544e+06
20	0	0	1	7.22914e+06	6	64	5	1048576	806320
20	0	0	1	7.22914e+06	6	64	6	1048576	697820
20	0	0	1	7.22914e+06	6	64	7	1048576	930064
20	0	0	1	7.22914e+06	6	64	8	0	0
20	0	0	1	7.22914e+06	6	64	9	0	0
20	0	0	1	7.22914e+06	6	64	10	0	0
20	0	0	1	7.22914e+06	6	128	1	1048576	1.39057e+06
20	0	0	1	7.22914e+06	6	128	2	1048576	1.21434e+06
20	0	0	1	7.22914e+06	6	128	3	1048576	1.97595e+06
20	0	0	1	7.22914e+06	6	128	4	1048576	1.98166e+06
20	0	0	1	7.22914e+06	6	128	5	1048576	1.21521e+06
20	0	0	1	7.22914e+06	6	128	6	1048576	1.55343e+06
20	0	0	1	7.22914e+06	6	128	7	0	0
20	0	0	1	7.22914e+06	6	128	8	0	0
20	0	0	1	7.22914e+06	6	128	9	0	0
20	0	0	1	7.22914e+06	6	128	10	0	0
20	0	0	1	7.22914e+06	6	256	1	1048576	982148
20	0	0	1	7.22914e+06	6	256	2	1048576	1.93628e+06
20	0	0	1	7.22914e+06	6	256	3	1048576	1.18356e+06
20	0	0	1	7.22914e+06	6	256	4	1048576	964340
20	0	0	1	7.22914e+06	6	256	5	1048576	1.01972e+06
20	0	0	1	7.22914e+06	6	256	6	0	0
20	0	0	1	7.22914e+06	6	256	7	0	0
20	0	0	1	7.22914e+06	6	256	8	0	0
20	0	0	1	7.22914e+06	6	256	9	0	0
20	0	0	1	7.22914e+06	6	256	10	0	0
20	0	0	1	7.22914e+06	6	512	1	1048576	1.03437e+06
20	0	0	1	7.22914e+06	6	512	2	1048576	1.44268e+06
20	0	0	1	7.22914e+06	6	512	3	1048576	1.10725e+06
20	0	0	1	7.22914e+06	6	512	4	1048576	914880
20	0	0	1	7.22914e+06	6	512	5	0	0
20	0	0	1	7.22914e+06	6	512	6	0	0
20	0	0	1	7.22914e+06	6	512	7	0	0
20	0	0	1	7.22914e+06	6	512	8	0	0
20	0	0	1	7.22914e+06	6	512	9	0	0
20	0	0	1	7.22914e+06	6	512	10	0	0
20	0	0	1	7.22914e+06	7	2	1	1048576	1.16131e+07
20	0	0	1	7.22914e+06	7	2	2	1048576	5.99542e+06
20	0	0	1	7.22914e+06	7	2	3	1048576	4.06279e+06
20	0	0	1	7.22914e+06	7	2	4	1048576	3.80931e+06
20	0	0	1	7.22914e+06	7	2	5	1048576	2.64562e+06
20	0	0	1	7.22914e+06	7	2	6	1048576	2.43017e+06
20	0	0	1	7.22914e+06	7	2	7	1048576	3.57951e+06
20	0	0	1	7.22914e+06	7	2	8	1048576	3.03045e+06
20	0	0	1	7.22914e+06	7	2	9	1048576	4.09266e+06
20	0	0	1	7.22914e+06	7	2	10	1048576	4.34213e+06
20	0	0	1	7.22914e+06	7	4	1	1048576	4.98614e+06
20	0	0	1	7.22914e+06	7	4	2	1048576	3.57935e+06
20	0	0	1	7.22914e+06	7	4	3	1048576	6.30728e+06
20	0	0	1	7.22914e+06	7	4	4	1048576	2.84643e+06
20	0	0	1	7.22914e+06	7	4	5	1048576	2.57537e+06
20	0	0	1	7.22914e+06	7	4	6	1048576	2.27643e+06
20	0	0	1	7.22914e+06	7	4	7	1048576	2.1337e+06
20	0	0	1	7.22914e+06	7	4	8	1048576	2.43475e+06
20	0	0	1	7.22914e+06	7	4	9	1048576	2.80936e+06
20	0	0	1	7.22914e+06	7	4	10	1048576	3.42615e+06
20	0	0	1	7.22914e+06	7	8	1	1048576	3.20305e+06
20	0	0	1	7.22914e+06	7	8	2	1048576	1.90757e+06
20	0	0	1	7.22914e+06	7	8	3	1048576	1.72236e+06
20	0	0	1	7.22914e+06	7	8	4	1048576	1.92333e+06
20	0	0	1	7.22914e+06	7	8	5	1048576	1.72289e+06
20	0	0	1	7.22914e+06	7	8	6	1048576	1.87866e+06
20	0	0	1	7.22914e+06	7	8	7	1048576	1.85524e+06
20	0	0	1	7.22914e+06	7	8	8	1048576	2.61799e+06
20	0	0	1	7.22914e+06	7	8	9	1048576	1.84089e+06
20	0	0	1	7.22914e+06	7	8	10	1048576	2.24344e+06
20	0	0	1	7.22914e+06	7	16	1	1048576	1.87326e+06
20	0	0	1	7.22914e+06	7	16	2	1048576	1.87406e+06
20	0	0	1	7.22914e+06	7	16	3	1048576	1.161e+06
20	0	0	1	7.22914e+06	7	16	4	1048576	2.00408e+06
20	0	0	1	7.22914e+06	7	16	5	1048576	1.04073e+06
20	0	0	1	7.22914e+06	7	16	6	1048576	1.06003e+06
20	0	0	1	7.22914e+06	7	16	7	1048576	1.47744e+06
20	0	0	1	7.22914e+06	7	16	8	1048576	1.36407e+06
20	0	0	1	7.22914e+06	7	16	9	1048576	1.4998e+06
20	0	0	1	7.22914e+06	7	16	10	0	0
20	0	0	1	7.22914e+06	7	32	1	1048576	1.29091e+06
20	0	0	1	7.22914e+06	7	32	2	1048576	1.70391e+06
20	0	0	1	7.22914e+06	7	32	3	1048576	1.901e+06
20	0	0	1	7.22914e+06	7	32	4	1048576	1.25207e+06
20	0	0	1	7.22914e+06	7	32	5	1048576	1.45873e+06
20	0	0	1	7.22914e+06	7	32	6	1048576	1.57968e+06
20	0	0	1	7.22914e+06	7	32	7	1048576	1.41483e+06
20	0	0	1	7.22914e+06	7	32	8	1048576	1.11103e+06
20	0	0	1	7.22914e+06	7	32	9	0	0
20	0	0	1	7.22914e+06	7	32	10	0	0
20	0	0	1	7.22914e+06	7	64	1	1048576	1.46197e+06
20	0	0	1	7.22914e+06	7	64	2	1048576	1.5994e+06
20	0	0	1	7.22914e+06	7	64	3	1048576	1.14951e+06
20	0	0	1	7.22914e+06	7	64	4	1048576	1.3589e+06
20	0	0	1	7.22914e+06	7	64	5	1048576	1.17841e+06
20	0	0	1	7.22914e+06	7	64	6	1048576	781691
20	0	0	1	7.22914e+06	7	64	7	1048576	1.12897e+06
20	0	0	1	7.22914e+06	7	64	8	0	0
20	0	0	1	7.22914e+06	7	64	9	0	0
20	0	0	1	7.22914e+06	7	64	10	0	0
20	0	0	1	7.22914e+06	7	128	1	1048576	1.42583e+06
20	0	0	1	7.22914e+06	7	128	2	1048576	1.59575e+06
20	0	0	1	7.22914e+06	7	128	3	1048576	1.38168e+06
20	0	0	1	7.22914e+06	7	128	4	1048576	1.62762e+06
20	0	0	1	7.22914e+06	7	128	5	1048576	2.04617e+06
20	0	0	1	7.22914e+06	7	128	6	1048576	1.46307e+06
20	0	0	1	7.22914e+06	7	128	7	0	0
20	0	0	1	7.22914e+06	7	128	8	0	0
20	0	0	1	7.22914e+06	7	128	9	0	0
20	0	0	1	7.22914e+06	7	128	10	0	0
20	0	0	1	7.22914e+06	7	256	1	1048576	1.6399e+06
20	0	0	1	7.22914e+06	7	256	2	1048576	1.36768e+06
20	0	0	1	7.22914e+06	7	256	3	1048576	1.38623e+06
20	0	0	1	7.22914e+06	7	256	4	1048576	1.33284e+06
20	0	0	1	7.22914e+06	7	256	5	1048576	1.7939e+06
20	0	0	1	7.22914e+06	7	256	6	0	0
20	0	0	1	7.22914e+06	7	256	7	0	0
20	0	0	1	7.22914e+06	7	256	8	0	0
20	0	0	1	7.22914e+06	7	256	9	0	0
20	0	0	1	7.22914e+06	7	256	10	0	0
20	0	0	1	7.22914e+06	7	512	1	1048576	1.93285e+06
20	0	0	1	7.22914e+06	7	512	2	1048576	1.60914e+06
20	0	0	1	7.22914e+06	7	512	3	1048576	1.71244e+06
20	0	0	1	7.22914e+06	7	512	4	1048576	1.8441e+06
20	0	0	1	7.22914e+06	7	512	5	0	0
20	0	0	1	7.22914e+06	7	512	6	0	0
20	0	0	1	7.22914e+06	7	512	7	0	0
20	0	0	1	7.22914e+06	7	512	8	0	0
20	0	0	1	7.22914e+06	7	512	9	0	0
20	0	0	1	7.22914e+06	7	512	10	0	0
20	10	0	11	5.21107e+06	0	1	1	104857	1.29029e+07
20	10	0	11	5.21107e+06	0	1	2	104857	1.1693e+07
20	10	0	11	5.21107e+06	0	1	3	104857	1.23732e+07
20	10	0	11	5.21107e+06	0	1	4	104857	1.05426e+07
20	10	0	11	5.21107e+06	0	1	5	104857	1.07002e+07
20	10	0	11	5.21107e+06	0	1	6	104857	1.02228e+07
20	10	0	11	5.21107e+06	0	1	7	104857	1.0206e+07
20	10	0	11	5.21107e+06	0	1	8	104857	1.02432e+07
20	10	0	11	5.21107e+06	0	1	9	104857	1.02588e+07
20	10	0	11	5.21107e+06	0	1	10	104857	1.01883e+07
20	10	0	11	5.21107e+06	1	2	1	104857	1.10704e+07
20	10	0	11	5.21107e+06	1	2	2	104857	1.06672e+07
20	10	0	11	5.21107e+06	1	2	3	104857	1.05748e+07
20	10	0	11	5.21107e+06	1	2	4	104857	1.03253e+07
20	10	0	11	5.21107e+06	1	2	5	104857	1.01904e+07
20	10	0	11	5.21107e+06	1	2	6	104857	1.01955e+07
20	10	0	11	5.21107e+06	1	2	7	104857	1.02101e+07
20	10	0	11	5.21107e+06	1	2	8	104857	1.09122e+07
20	10	0	11	5.21107e+06	1	2	9	104857	1.05172e+07
20	10	0	11	5.21107e+06	1	2	10	104857	1.02612e+07
20	10	0	11	5.21107e+06	1	4	1	104857	1.15481e+07
20	10	0	11	5.21107e+06	1	4	2	104857	1.03798e+07
20	10	0	11	5.21107e+06	1	4	3	104857	1.19431e+07
20	10	0	11	5.21107e+06	1	4	4	104857	1.03575e+07
20	10	0	11	5.21107e+06	1	4	5	104857	1.19058e+07
20	10	0	11	5.21107e+06	1	4	6	104857	1.02759e+07
20	10	0	11	5.21107e+06	1	4	7	104857	1.05207e+07
20	10	0	11	5.21107e+06	1	4	8	104857	1.03983e+07
20	10	0	11	5.21107e+06	1	4	9	104857	1.02865e+07
20	10	0	11	5.21107e+06	1	4	10	104857	1.02364e+07
20	10	0	11	5.21107e+06	1	8	1	104857	1.12834e+07
20	10	0	11	5.21107e+06	1	8	2	104857	1.05242e+07
20	10	0	11	5.21107e+06	1	8	3	104857	1.04678e+07
20	10	0	11	5.21107e+06	1	8	4	104857	1.17569e+07
20	10	0	11	5.21107e+06	1	8	5	104857	1.02883e+07
20	10	0	11	5.21107e+06	1	8	6	104857	1.05527e+07
20	10	0	11	5.21107e+06	1	8	7	104857	1.01624e+07
20	10	0	11	5.21107e+06	1	8	8	104857	1.02374e+07
20	10	0	11	5.21107e+06	1	8	9	104857	1.06328e+07
20	10	0	11	5.21107e+06	1	8	10	104857	1.02497e+07
20	10	0	11	5.21107e+06	1	16	1	104857	1.04255e+07
20	10	0	11	5.21107e+06	1	16	2	104857	1.03297e+07
20	10	0	11	5.21107e+06	1	16	3	104857	1.03021e+07
20	10	0	11	5.21107e+06	1	16	4	104857	1.02537e+07
20	10	0	11	5.21107e+06	1	16	5	104857	1.09218e+07
20	10	0	11	5.21107e+06	1	16	6	104857	1.027e+07
20	10	0	11	5.21107e+06	1	16	7	104857	1.06238e+07
20	10	0	11	5.21107e+06	1	16	8	104857	1.03836e+07
20	10	0	11	5.21107e+06	1	16	9	104857	1.02842e+07
20	10	0	11	5.21107e+06	1	16	10	104857	1.01874e+07
20	10	0	11	5.21107e+06	1	32	1	104857	1.0305e+07
20	10	0	11	5.21107e+06	1	32	2	104857	1.02823e+07
20	10	0	11	5.21107e+06	1	32	3	104857	1.03175e+07
20	10	0	11	5.21107e+06	1	32	4	104857	1.04319e+07
20	10	0	11	5.21107e+06	1	32	5	104857	1.02366e+07
20	10	0	11	5.21107e+06	1	32	6	104857	1.05366e+07
20	10	0	11	5.21107e+06	1	32	7	104857	1.06729e+07
20	10	0	11	5.21107e+06	1	32	8	104857	1.0351e+07
20	10	0	11	5.21107e+06	1	32	9	104857	1.05083e+07
20	10	0	11	5.21107e+06	1	32	10	104857	1.04873e+07
20	10	0	11	5.21107e+06	1	64	1	104857	1.21339e+07
20	10	0	11	5.21107e+06	1	64	2	104857	1.00901e+07
20	10	0	11	5.21107e+06	1	64	3	104857	1.00923e+07
20	10	0	11	5.21107e+06	1	64	4	104857	1.03261e+07
20	10	0	11	5.21107e+06	1	64	5	104857	1.00996e+07
20	10	0	11	5.21107e+06	1	64	6	104857	1.00707e+07
20	10	0	11	5.21107e+06	1	64	7	104857	1.15307e+07
20	10	0	11	5.21107e+06	1	64	8	104857	1.03422e+07
20	10	0	11	5.21107e+06	1	64	9	104857	1.00908e+07
20	10	0	11	5.21107e+06	1	64	10	104857	9.96789e+06
20	10	0	11	5.21107e+06	1	128	1	104857	1.00205e+07
20	10	0	11	5.21107e+06	1	128	2	104857	1.02506e+07
20	10	0	11	5.21107e+06	1	128	3	104857	1.00666e+07
20	10	0	11	5.21107e+06	1	128	4	104857	1.01431e+07
20	10	0	11	5.21107e+06	1	128	5	104857	1.01846e+07
20	10	0	11	5.21107e+06	1	128	6	104857	1.0108e+07
20	10	0	11	5.21107e+06	1	128	7	104857	1.00641e+07
20	10	0	11	5.21107e+06	1	128	8	104857	1.0043e+07
20	10	0	11	5.21107e+06	1	128	9	104857	1.00212e+07
20	10	0	11	5.21107e+06	1	128	10	104857	1.00435e+07
20	10	0	11	5.21107e+06	1	256	1	104857	1.00244e+07
20	10	0	11	5.21107e+06	1	256	2	104857	1.01008e+07
20	10	0	11	5.21107e+06	1	256	3	104857	1.02189e+07
20	10	0	11	5.21107e+06	1	256	4	104857	1.28965e+07
20	10	0	11	5.21107e+06	1	256	5	104857	1.03665e+07
20	10	0	11	5.21107e+06	1	256	6	104857	1.00705e+07
20	10	0	11	5.21107e+06	1	256	7	104857	1.06299e+07
20	10	0	11	5.21107e+06	1	256	8	104857	1.00848e+07
20	10	0	11	5.21107e+06	1	256	9	104857	1.00845e+07
20	10	0	11	5.21107e+06	1	256	10	104857	1.01068e+07
20	10	0	11	5.21107e+06	1	512	1	104857	1.00785e+07
20	10	0	11	5.21107e+06	1	512	2	104857	1.45062e+07
20	10	0	11	5.21107e+06	1	512	3	104857	1.00668e+07
20	10	0	11	5.21107e+06	1	512	4	104857	1.00931e+07
20	10	0	11	5.21107e+06	1	512	5	104857	1.0018e+07
20	10	0	11	5.21107e+06	1	512	6	104857	1.21686e+07
20	10	0	11	5.21107e+06	1	512	7	104857	1.06557e+07
20	10	0	11	5.21107e+06	1	512	8	104857	9.98063e+06
20	10	0	11	5.21107e+06	1	512	9	104857	1.01287e+07
20	10	0	11	5.21107e+06	1	512	10	104857	8.05986e+06
20	10	0	11	5.21107e+06	2	2	1	104857	7.48547e+06
20	10	0	11	5.21107e+06	2	2	2	104857	5.86087e+06
20	10	0	11	5.21107e+06	2	2	3	104857	6.92569e+06
20	10	0	11	5.21107e+06	2	2	4	104857	5.35512e+06
20	10	0	11	5.21107e+06	2	2	5	104857	5.32119e+06
20	10	0	11	5.21107e+06	2	2	6	104857	5.18527e+06
20	10	0	11	5.21107e+06	2	2	7	104857	6.64938e+06
20	10	0	11	5.21107e+06	2	2	8	104857	5.07737e+06
20	10	0	11	5.21107e+06	2	2	9	104857	5.08517e+06
20	10	0	11	5.21107e+06	2	2	10	104857	5.49528e+06
20	10	0	11	5.21107e+06	2	4	1	104857	3.09905e+06
20	10	0	11	5.21107e+06	2	4	2	104857	2.91979e+06
20	10	0	11	5.21107e+06	2	4	3	104857	2.90009e+06
20	10	0	11	5.21107e+06	2	4	4	104857	2.75388e+06
20	10	0	11	5.21107e+06	2	4	5	104857	2.76376e+06
20	10	0	11	5.21107e+06	2	4	6	104857	2.82488e+06
20	10	0	11	5.21107e+06	2	4	7	104857	2.77364e+06
20	10	0	11	5.21107e+06	2	4	8	104857	2.67123e+06
20	10	0	11	5.21107e+06	2	4	9	104857	2.79815e+06
20	10	0	11	5.21107e+06	2	4	10	104857	2.78364e+06
20	10	0	11	5.21107e+06	2	8	1	104857	1.68433e+06
20	10	0	11	5.21107e+06	2	8	2	104857	1.47305e+06
20	10	0	11	5.21107e+06	2	8	3	104857	1.58534e+06
20	10	0	11	5.21107e+06	2	8	4	104857	1.73372e+06
20	10	0	11	5.21107e+06	2	8	5	104857	1.37972e+06
20	10	0	11	5.21107e+06	2	8	6	104857	1.37154e+06
20	10	0	11	5.21107e+06	2	8	7	104857	1.50366e+06
20	10	0	11	5.21107e+06	2	8	8	104857	1.39466e+06
20	10	0	11	5.21107e+06	2	8	9	104857	1.35454e+06
20	10	0	11	5.21107e+06	2	8	10	104857	1.32309e+06
20	10	0	11	5.21107e+06	2	16	1	104857	1.2751e+06
20	10	0	11	5.21107e+06	2	16	2	104857	893022
20	10	0	11	5.21107e+06	2	16	3	104857	816165
20	10	0	11	5.21107e+06	2	16	4	104857	938463
20	10	0	11	5.21107e+06	2	16	5	104857	1.01762e+06
20	10	0	11	5.21107e+06	2	16	6	104857	940212
20	10	0	11	5.21107e+06	2	16	7	104857	837036
20	10	0	11	5.21107e+06	2	16	8	104857	1.18493e+06
20	10	0	11	5.21107e+06	2	16	9	104857	888622
20	10	0	11	5.21107e+06	2	16	10	104857	831474
20	10	0	11	5.21107e+06	2	32	1	104857	1.4083e+06
20	10	0	11	5.21107e+06	2	32	2	104857	909444
20	10	0	11	5.21107e+06	2	32	3	104857	858978
20	10	0	11	5.21107e+06	2	32	4	104857	777209
20	10	0	11	5.21107e+06	2	32	5	104857	1.22748e+06
20	10	0	11	5.21107e+06	2	32	6	104857	1.30912e+06
20	10	0	11	5.21107e+06	2	32	7	104857	1.0493e+06
20	10	0	11	5.21107e+06	2	32	8	104857	1.03429e+06
20	10	0	11	5.21107e+06	2	32	9	104857	1.00897e+06
20	10	0	11	5.21107e+06	2	32	10	104857	1.12716e+06
20	10	0	11	5.21107e+06	2	64	1	104857	1.29546e+06
20	10	0	11	5.21107e+06	2	64	2	104857	669159
20	10	0	11	5.21107e+06	2	64	3	104857	606231
20	10	0	11	5.21107e+06	2	64	4	104857	674679
20	10	0	11	5.21107e+06	2	64	5	104857	738691
20	10	0	11	5.21107e+06	2	64	6	104857	742137
20	10	0	11	5.21107e+06	2	64	7	104857	845157
20	10	0	11	5.21107e+06	2	64	8	104857	663589
20	10	0	11	5.21107e+06	2	64	9	104857	839436
20	10	0	11	5.21107e+06	2	64	10	104857	764651
20	10	0	11	5.21107e+06	2	128	1	104857	882809
20	10	0	11	5.21107e+06	2	128	2	104857	670576
20	10	0	11	5.21107e+06	2	128	3	104857	813875
20	10	0	11	5.21107e+06	2	128	4	104857	737801
20	10	0	11	5.21107e+06	2	128	5	104857	919244
20	10	0	11	5.21107e+06	2	128	6	104857	1.14811e+06
20	10	0	11	5.21107e+06	2	128	7	104857	758477
20	10	0	11	5.21107e+06	2	128	8	104857	739073
20	10	0	11	5.21107e+06	2	128	9	104857	849820
20	10	0	11	5.21107e+06	2	128	10	104857	769895
20	10	0	11	5.21107e+06	2	256	1	104857	585556
20	10	0	11	5.21107e+06	2	256	2	104857	711994
20	10	0	11	5.21107e+06	2	256	3	104857	1.03437e+06
20	10	0	11	5.21107e+06	2	256	4	104857	588812
20	10	0	11	5.21107e+06	2	256	5	104857	1.90263e+06
20	10	0	11	5.21107e+06	2	256	6	104857	1.35457e+06
20	10	0	11	5.21107e+06	2	256	7	104857	757751
20	10	0	11	5.21107e+06	2	256	8	104857	811290
20	10	0	11	5.21107e+06	2	256	9	104857	610894
20	10	0	11	5.21107e+06	2	256	10	104857	949759
20	10	0	11	5.21107e+06	2	512	1	104857	717558
20	10	0	11	5.21107e+06	2	512	2	104857	576480
20	10	0	11	5.21107e+06	2	512	3	104857	551646
20	10	0	11	5.21107e+06	2	512	4	104857	804607
20	10	0	11	5.21107e+06	2	512	5	104857	528201
20	10	0	11	5.21107e+06	2	512	6	104857	1.08589e+06
20	10	0	11	5.21107e+06	2	512	7	104857	686285
20	10	0	11	5.21107e+06	2	512	8	104857	999829
20	10	0	11	5.21107e+06	2	512	9	104857	607037
20	10	0	11	5.21107e+06	2	512	10	104857	736117
20	10	0	11	5.21107e+06	3	2	1	104857	6.89398e+06
20	10	0	11	5.21107e+06	3	2	2	104857	6.67959e+06
20	10	0	11	5.21107e+06	3	2	3	104857	5.98402e+06
20	10	0	11	5.21107e+06	3	2	4	104857	5.3761e+06
20	10	0	11	5.21107e+06	3	2	5	104857	5.77116e+06
20	10	0	11	5.21107e+06	3	2	6	104857	5.9047e+06
20	10	0	11	5.21107e+06	3	2	7	104857	5.70314e+06
20	10	0	11	5.21107e+06	3	2	8	104857	5.59588e+06
20	10	0	11	5.21107e+06	3	2	9	104857	5.17149e+06
20	10	0	11	5.21107e+06	3	2	10	104857	5.36421e+06
20	10	0	11	5.21107e+06	3	4	1	104857	4.46228e+06
20	10	0	11	5.21107e+06	3	4	2	104857	4.58166e+06
20	10	0	11	5.21107e+06	3	4	3	104857	4.02478e+06
20	10	0	11	5.21107e+06	3	4	4	104857	3.6028e+06
20	10	0	11	5.21107e+06	3	4	5	104857	3.73545e+06
20	10	0	11	5.21107e+06	3	4	6	104857	5.05575e+06
20	10	0	11	5.21107e+06	3	4	7	104857	3.27831e+06
20	10	0	11	5.21107e+06	3	4	8	104857	3.87084e+06
20	10	0	11	5.21107e+06	3	4	9	104857	3.31962e+06
20	10	0	11	5.21107e+06	3	4	10	104857	3.28403e+06
20	10	0	11	5.21107e+06	3	8	1	104857	2.51365e+06
20	10	0	11	5.21107e+06	3	8	2	104857	2.58898e+06
20	10	0	11	5.21107e+06	3	8	3	104857	1.95546e+06
20	10	0	11	5.21107e+06	3	8	4	104857	1.86289e+06
20	10	0	11	5.21107e+06	3	8	5	104857	1.75557e+06
20	10	0	11	5.21107e+06	3	8	6	104857	1.83567e+06
20	10	0	11	5.21107e+06	3	8	7	104857	1.8484e+06
20	10	0	11	5.21107e+06	3	8	8	104857	2.08203e+06
20	10	0	11	5.21107e+06	3	8	9	104857	1.94318e+06
20	10	0	11	5.21107e+06	3	8	10	104857	1.8721e+06
20	10	0	11	5.21107e+06	3	16	1	104857	1.33612e+06
20	10	0	11	5.21107e+06	3	16	2	104857	1.63332e+06
20	10	0	11	5.21107e+06	3	16	3	104857	1.36365e+06
20	10	0	11	5.21107e+06	3	16	4	104857	1.22455e+06
20	10	0	11	5.21107e+06	3	16	5	104857	1.30525e+06
20	10	0	11	5.21107e+06	3	16	6	104857	1.53038e+06
20	10	0	11	5.21107e+06	3	16	7	104857	1.46439e+06
20	10	0	11	5.21107e+06	3	16	8	104857	1.70314e+06
20	10	0	11	5.21107e+06	3	16	9	104857	1.2498e+06
20	10	0	11	5.21107e+06	3	16	10	104857	1.61796e+06
20	10	0	11	5.21107e+06	3	32	1	104857	887426
20	10	0	11	5.21107e+06	3	32	2	104857	878733
20	10	0	11	5.21107e+06	3	32	3	104857	1.01029e+06
20	10	0	11	5.21107e+06	3	32	4	104857	783754
20	10	0	11	5.21107e+06	3	32	5	104857	868109
20	10	0	11	5.21107e+06	3	32	6	104857	962225
20	10	0	11	5.21107e+06	3	32	7	104857	995147
20	10	0	11	5.21107e+06	3	32	8	104857	1.0502e+06
20	10	0	11	5.21107e+06	3	32	9	104857	1.4392e+06
20	10	0	11	5.21107e+06	3	32	10	104857	1.22415e+06
20	10	0	11	5.21107e+06	3	64	1	104857	890208
20	10	0	11	5.21107e+06	3	64	2	104857	756431
20	10	0	11	5.21107e+06	3	64	3	104857	827798
20	10	0	11	5.21107e+06	3	64	4	104857	994249
20	10	0	11	5.21107e+06	3	64	5	104857	831650
20	10	0	11	5.21107e+06	3	64	6	104857	1.07448e+06
20	10	0	11	5.21107e+06	3	64	7	104857	1.08572e+06
20	10	0	11	5.21107e+06	3	64	8	104857	977048
20	10	0	11	5.21107e+06	3	64	9	104857	770704
20	10	0	11	5.21107e+06	3	64	10	104857	872724
20	10	0	11	5.21107e+06	3	128	1	104857	788744
20	10	0	11	5.21107e+06	3	128	2	104857	792017
20	10	0	11	5.21107e+06	3	128	3	104857	799490
20	10	0	11	5.21107e+06	3	128	4	104857	763770
20	10	0	11	5.21107e+06	3	128	5	104857	810850
20	10	0	11	5.21107e+06	3	128	6	104857	748461
20	10	0	11	5.21107e+06	3	128	7	104857	685016
20	10	0	11	5.21107e+06	3	128	8	104857	770880
20	10	0	11	5.21107e+06	3	128	9	104857	976763
20	10	0	11	5.21107e+06	3	128	10	104857	1.07737e+06
20	10	0	11	5.21107e+06	3	256	1	104857	1.35428e+06
20	10	0	11	5.21107e+06	3	256	2	104857	871975
20	10	0	11	5.21107e+06	3	256	3	104857	1.4476e+06
20	10	0	11	5.21107e+06	3	256	4	104857	1.21036e+06
20	10	0	11	5.21107e+06	3	256	5	104857	1.25858e+06
20	10	0	11	5.21107e+06	3	256	6	104857	876056
20	10	0	11	5.21107e+06	3	256	7	104857	998663
20	10	0	11	5.21107e+06	3	256	8	104857	1.13435e+06
20	10	0	11	5.21107e+06	3	256	9	104857	988850
20	10	0	11	5.21107e+06	3	256	10	104857	1.05223e+06
20	10	0	11	5.21107e+06	3	512	1	104857	729238
20	10	0	11	5.21107e+06	3	512	2	104857	764098
20	10	0	11	5.21107e+06	3	512	3	104857	702766
20	10	0	11	5.21107e+06	3	512	4	104857	724445
20	10	0	11	5.21107e+06	3	512	5	104857	824518
20	10	0	11	5.21107e+06	3	512	6	104857	986030
20	10	0	11	5.21107e+06	3	512	7	104857	888368
20	10	0	11	5.21107e+06	3	512	8	104857	1.18414e+06
20	10	0	11	5.21107e+06	3	512	9	104857	993573
20	10	0	11	5.21107e+06	3	512	10	104857	1.092e+06
20	10	0	11	5.21107e+06	4	1	1	104857	1.20158e+07
20	10	0	11	5.21107e+06	4	1	2	104857	7.57124e+06
20	10	0	11	5.21107e+06	4	1	3	104857	5.36003e+06
20	10	0	11	5.21107e+06	4	1	4	104857	3.74744e+06
20	10	0	11	5.21107e+06	4	1	5	104857	3.378e+06
20	10	0	11	5.21107e+06	4	1	6	104857	3.39184e+06
20	10	0	11	5.21107e+06	4	1	7	104857	3.0915e+06
20	10	0	11	5.21107e+06	4	1	8	104857	2.77673e+06
20	10	0	11	5.21107e+06	4	1	9	104857	3.07628e+06
20	10	0	11	5.21107e+06	4	1	10	104857	4.60862e+06
20	10	0	11	5.21107e+06	5	2	1	104857	9.1019e+06
20	10	0	11	5.21107e+06	5	2	2	104857	6.75907e+06
20	10	0	11	5.21107e+06	5	2	3	104857	4.2027e+06
20	10	0	11	5.21107e+06	5	2	4	104857	1.91222e+06
20	10	0	11	5.21107e+06	5	2	5	104857	1.64149e+06
20	10	0	11	5.21107e+06	5	2	6	104857	2.01219e+06
20	10	0	11	5.21107e+06	5	2	7	104857	1.38414e+06
20	10	0	11	5.21107e+06	5	2	8	104857	2.4882e+06
20	10	0	11	5.21107e+06	5	2	9	104857	1.58583e+06
20	10	0	11	5.21107e+06	5	2	10	104857	1.49409e+06
20	10	0	11	5.21107e+06	5	4	1	104857	3.40502e+06
20	10	0	11	5.21107e+06	5	4	2	104857	2.78848e+06
20	10	0	11	5.21107e+06	5	4	3	104857	1.62766e+06
20	10	0	11	5.21107e+06	5	4	4	104857	1.35975e+06
20	10	0	11	5.21107e+06	5	4	5	104857	1.44594e+06
20	10	0	11	5.21107e+06	5	4	6	104857	1.12301e+06
20	10	0	11	5.21107e+06	5	4	7	104857	1.12353e+06
20	10	0	11	5.21107e+06	5	4	8	104857	1.20553e+06
20	10	0	11	5.21107e+06	5	4	9	104857	1.08969e+06
20	10	0	11	5.21107e+06	5	4	10	104857	1.56212e+06
20	10	0	11	5.21107e+06	5	8	1	104857	2.05846e+06
20	10	0	11	5.21107e+06	5	8	2	104857	1.55214e+06
20	10	0	11	5.21107e+06	5	8	3	104857	1.20936e+06
20	10	0	11	5.21107e+06	5	8	4	104857	1.94266e+06
20	10	0	11	5.21107e+06	5	8	5	104857	1.38163e+06
20	10	0	11	5.21107e+06	5	8	6	104857	1.69247e+06
20	10	0	11	5.21107e+06	5	8	7	104857	1.19924e+06
20	10	0	11	5.21107e+06	5	8	8	104857	1.27257e+06
20	10	0	11	5.21107e+06	5	8	9	104857	1.16298e+06
20	10	0	11	5.21107e+06	5	8	10	104857	1.10129e+06
20	10	0	11	5.21107e+06	5	16	1	104857	1.50352e+06
20	10	0	11	5.21107e+06	5	16	2	104857	1.87042e+06
20	10	0	11	5.21107e+06	5	16	3	104857	1.12238e+06
20	10	0	11	5.21107e+06	5	16	4	104857	1.19167e+06
20	10	0	11	5.21107e+06	5	16	5	104857	1.53591e+06
20	10	0	11	5.21107e+06	5	16	6	104857	956059
20	10	0	11	5.21107e+06	5	16	7	104857	915895
20	10	0	11	5.21107e+06	5	16	8	104857	948269
20	10	0	11	5.21107e+06	5	16	9	104857	891944
20	10	0	11	5.21107e+06	5	16	10	0	0
20	10	0	11	5.21107e+06	5	32	1	104857	1.65566e+06
20	10	0	11	5.21107e+06	5	32	2	104857	947993
20	10	0	11	5.21107e+06	5	32	3	104857	1.0682e+06
20	10	0	11	5.21107e+06	5	32	4	104857	1.07494e+06
20	10	0	11	5.21107e+06	5	32	5	104857	834363
20	10	0	11	5.21107e+06	5	32	6	104857	827977
20	10	0	11	5.21107e+06	5	32	7	104857	824960
20	10	0	11	5.21107e+06	5	32	8	104857	853484
20	10	0	11	5.21107e+06	5	32	9	0	0
20	10	0	11	5.21107e+06	5	32	10	0	0
20	10	0	11	5.21107e+06	5	64	1	104857	940144
20	10	0	11	5.21107e+06	5	64	2	104857	1.32894e+06
20	10	0	11	5.21107e+06	5	64	3	104857	783754
20	10	0	11	5.21107e+06	5	64	4	104857	771694
20	10	0	11	5.21107e+06	5	64	5	104857	956156
20	10	0	11	5.21107e+06	5	64	6	104857	762619
20	10	0	11	5.21107e+06	5	64	7	104857	999980
20	10	0	11	5.21107e+06	5	64	8	0	0
20	10	0	11	5.21107e+06	5	64	9	0	0
20	10	0	11	5.21107e+06	5	64	10	0	0
20	10	0	11	5.21107e+06	5	128	1	104857	1.53004e+06
20	10	0	11	5.21107e+06	5	128	2	104857	1.12335e+06
20	10	0	11	5.21107e+06	5	128	3	104857	1.07936e+06
20	10	0	11	5.21107e+06	5	128	4	104857	810031
20	10	0	11	5.21107e+06	5	128	5	104857	1.21642e+06
20	10	0	11	5.21107e+06	5	128	6	104857	806186
20	10	0	11	5.21107e+06	5	128	7	0	0
20	10	0	11	5.21107e+06	5	128	8	0	0
20	10	0	11	5.21107e+06	5	128	9	0	0
20	10	0	11	5.21107e+06	5	128	10	0	0
20	10	0	11	5.21107e+06	5	256	1	104857	1.10406e+06
20	10	0	11	5.21107e+06	5	256	2	104857	784012
20	10	0	11	5.21107e+06	5	256	3	104857	895993
20	10	0	11	5.21107e+06	5	256	4	104857	998663
20	10	0	11	5.21107e+06	5	256	5	104857	790866
20	10	0	11	5.21107e+06	5	256	6	0	0
20	10	0	11	5.21107e+06	5	256	7	0	0
20	10	0	11	5.21107e+06	5	256	8	0	0
20	10	0	11	5.21107e+06	5	256	9	0	0
20	10	0	11	5.21107e+06	5	256	10	0	0
20	10	0	11	5.21107e+06	5	512	1	104857	1.16317e+06
20	10	0	11	5.21107e+06	5	512	2	104857	1.10159e+06
20	10	0	11	5.21107e+06	5	512	3	104857	878626
20	10	0	11	5.21107e+06	5	512	4	104857	1.01491e+06
20	10	0	11	5.21107e+06	5	512	5	0	0
20	10	0	11	5.21107e+06	5	512	6	0	0
20	10	0	11	5.21107e+06	5	512	7	0	0
20	10	0	11	5.21107e+06	5	512	8	0	0
20	10	0	11	5.21107e+06	5	512	9	0	0
20	10	0	11	5.21107e+06	5	512	10	0	0
20	10	0	11	5.21107e+06	6	2	1	104857	5.89388e+06
20	10	0	11	5.21107e+06	6	2	2	104857	3.82417e+06
20	10	0	11	5.21107e+06	6	2	3	104857	2.52038e+06
20	10	0	11	5.21107e+06	6	2	4	104857	1.95065e+06
20	10	0	11	5.21107e+06	6	2	5	104857	2.15872e+06
20	10	0	11	5.21107e+06	6	2	6	104857	1.43499e+06
20	10	0	11	5.21107e+06	6	2	7	104857	1.37166e+06
20	10	0	11	5.21107e+06	6	2	8	104857	1.26844e+06
20	10	0	11	5.21107e+06	6	2	9	104857	2.06578e+06
20	10	0	11	5.21107e+06	6	2	10	104857	1.36915e+06
20	10	0	11	5.21107e+06	6	4	1	104857	3.30475e+06
20	10	0	11	5.21107e+06	6	4	2	104857	2.09465e+06
20	10	0	11	5.21107e+06	6	4	3	104857	1.57619e+06
20	10	0	11	5.21107e+06	6	4	4	104857	1.30472e+06
20	10	0	11	5.21107e+06	6	4	5	104857	1.18729e+06
20	10	0	11	5.21107e+06	6	4	6	104857	1.14666e+06
20	10	0	11	5.21107e+06	6	4	7	104857	1.35276e+06
20	10	0	11	5.21107e+06	6	4	8	104857	995363
20	10	0	11	5.21107e+06	6	4	9	104857	1.18891e+06
20	10	0	11	5.21107e+06	6	4	10	104857	1.23861e+06
20	10	0	11	5.21107e+06	6	8	1	104857	1.91574e+06
20	10	0	11	5.21107e+06	6	8	2	104857	1.41386e+06
20	10	0	11	5.21107e+06	6	8	3	104857	1.10636e+06
20	10	0	11	5.21107e+06	6	8	4	104857	1.28283e+06
20	10	0	11	5.21107e+06	6	8	5	104857	1.10283e+06
20	10	0	11	5.21107e+06	6	8	6	104857	916915
20	10	0	11	5.21107e+06	6	8	7	104857	1.01038e+06
20	10	0	11	5.21107e+06	6	8	8	104857	896083
20	10	0	11	5.21107e+06	6	8	9	104857	823813
20	10	0	11	5.21107e+06	6	8	10	104857	999516
20	10	0	11	5.21107e+06	6	16	1	104857	1.42919e+06
20	10	0	11	5.21107e+06	6	16	2	104857	967345
20	10	0	11	5.21107e+06	6	16	3	104857	2.27102e+06
20	10	0	11	5.21107e+06	6	16	4	104857	818759
20	10	0	11	5.21107e+06	6	16	5	104857	948618
20	10	0	11	5.21107e+06	6	16	6	104857	669689
20	10	0	11	5.21107e+06	6	16	7	104857	763731
20	10	0	11	5.21107e+06	6	16	8	104857	752306
20	10	0	11	5.21107e+06	6	16	9	104857	877776
20	10	0	11	5.21107e+06	6	16	10	0	0
20	10	0	11	5.21107e+06	6	32	1	104857	1.49482e+06
20	10	0	11	5.21107e+06	6	32	2	104857	997421
20	10	0	11	5.21107e+06	6	32	3	104857	825456
20	10	0	11	5.21107e+06	6	32	4	104857	831068
20	10	0	11	5.21107e+06	6	32	5	104857	725133
20	10	0	11	5.21107e+06	6	32	6	104857	802625
20	10	0	11	5.21107e+06	6	32	7	104857	838954
20	10	0	11	5.21107e+06	6	32	8	104857	721226
20	10	0	11	5.21107e+06	6	32	9	0	0
20	10	0	11	5.21107e+06	6	32	10	0	0
20	10	0	11	5.21107e+06	6	64	1	104857	833610
20	10	0	11	5.21107e+06	6	64	2	104857	923613
20	10	0	11	5.21107e+06	6	64	3	104857	715535
20	10	0	11	5.21107e+06	6	64	4	104857	690959
20	10	0	11	5.21107e+06	6	64	5	104857	689149
20	10	0	11	5.21107e+06	6	64	6	104857	687512
20	10	0	11	5.21107e+06	6	64	7	104857	694554
20	10	0	11	5.21107e+06	6	64	8	0	0
20	10	0	11	5.21107e+06	6	64	9	0	0
20	10	0	11	5.21107e+06	6	64	10	0	0
20	10	0	11	5.21107e+06	6	128	1	104857	922240
20	10	0	11	5.21107e+06	6	128	2	104857	885724
20	10	0	11	5.21107e+06	6	128	3	104857	853042
20	10	0	11	5.21107e+06	6	128	4	104857	1.03828e+06
20	10	0	11	5.21107e+06	6	128	5	104857	930290
20	10	0	11	5.21107e+06	6	128	6	104857	879267
20	10	0	11	5.21107e+06	6	128	7	0	0
20	10	0	11	5.21107e+06	6	128	8	0	0
20	10	0	11	5.21107e+06	6	128	9	0	0
20	10	0	11	5.21107e+06	6	128	10	0	0
20	10	0	11	5.21107e+06	6	256	1	104857	958645
20	10	0	11	5.21107e+06	6	256	2	104857	1.1989e+06
20	10	0	11	5.21107e+06	6	256	3	104857	894672
20	10	0	11	5.21107e+06	6	256	4	104857	1.17483e+06
20	10	0	11	5.21107e+06	6	256	5	104857	1.02387e+06
20	10	0	11	5.21107e+06	6	256	6	0	0
20	10	0	11	5.21107e+06	6	256	7	0	0
20	10	0	11	5.21107e+06	6	256	8	0	0
20	10	0	11	5.21107e+06	6	256	9	0	0
20	10	0	11	5.21107e+06	6	256	10	0	0
20	10	0	11	5.21107e+06	6	512	1	104857	891159
20	10	0	11	5.21107e+06	6	512	2	104857	867806
20	10	0	11	5.21107e+06	6	512	3	104857	1.10212e+06
20	10	0	11	5.21107e+06	6	512	4	104857	920643
20	10	0	11	5.21107e+06	6	512	5	0	0
20	10	0	11	5.21107e+06	6	512	6	0	0
20	10	0	11	5.21107e+06	6	512	7	0	0
20	10	0	11	5.21107e+06	6	512	8	0	0
20	10	0	11	5.21107e+06	6	512	9	0	0
20	10	0	11	5.21107e+06	6	512	10	0	0
20	10	0	11	5.21107e+06	7	2	1	104857	6.62119e+06
20	10	0	11	5.21107e+06	7	2	2	104857	4.00651e+06
20	10	0	11	5.21107e+06	7	2	3	104857	3.1383e+06
20	10	0	11	5.21107e+06	7	2	4	104857	2.5503e+06
20	10	0	11	5.21107e+06	7	2	5	104857	2.26652e+06
20	10	0	11	5.21107e+06	7	2	6	104857	2.29284e+06
20	10	0	11	5.21107e+06	7	2	7	104857	2.09755e+06
20	10	0	11	5.21107e+06	7	2	8	104857	2.05063e+06
20	10	0	11	5.21107e+06	7	2	9	104857	2.32001e+06
20	10	0	11	5.21107e+06	7	2	10	104857	2.3021e+06
20	10	0	11	5.21107e+06	7	4	1	104857	3.61257e+06
20	10	0	11	5.21107e+06	7	4	2	104857	2.49702e+06
20	10	0	11	5.21107e+06	7	4	3	104857	2.73431e+06
20	10	0	11	5.21107e+06	7	4	4	104857	1.73174e+06
20	10	0	11	5.21107e+06	7	4	5	104857	1.55523e+06
20	10	0	11	5.21107e+06	7	4	6	104857	1.49919e+06
20	10	0	11	5.21107e+06	7	4	7	104857	2.26334e+06
20	10	0	11	5.21107e+06	7	4	8	104857	2.1743e+06
20	10	0	11	5.21107e+06	7	4	9	104857	1.81973e+06
20	10	0	11	5.21107e+06	7	4	10	104857	1.6905e+06
20	10	0	11	5.21107e+06	7	8	1	104857	2.4233e+06
20	10	0	11	5.21107e+06	7	8	2	104857	1.57256e+06
20	10	0	11	5.21107e+06	7	8	3	104857	1.56346e+06
20	10	0	11	5.21107e+06	7	8	4	104857	1.25348e+06
20	10	0	11	5.21107e+06	7	8	5	104857	1.12934e+06
20	10	0	11	5.21107e+06	7	8	6	104857	1.40337e+06
20	10	0	11	5.21107e+06	7	8	7	104857	1.0324e+06
20	10	0	11	5.21107e+06	7	8	8	104857	1.76772e+06
20	10	0	11	5.21107e+06	7	8	9	104857	1.84651e+06
20	10	0	11	5.21107e+06	7	8	10	104857	1.33431e+06
20	10	0	11	5.21107e+06	7	16	1	104857	1.52865e+06
20	10	0	11	5.21107e+06	7	16	2	104857	1.08291e+06
20	10	0	11	5.21107e+06	7	16	3	104857	988216
20	10	0	11	5.21107e+06	7	16	4	104857	936746
20	10	0	11	5.21107e+06	7	16	5	104857	903749
20	10	0	11	5.21107e+06	7	16	6	104857	1.00106e+06
20	10	0	11	5.21107e+06	7	16	7	104857	858569
20	10	0	11	5.21107e+06	7	16	8	104857	970862
20	10	0	11	5.21107e+06	7	16	9	104857	1.01071e+06
20	10	0	11	5.21107e+06	7	16	10	0	0
20	10	0	11	5.21107e+06	7	32	1	104857	1.23766e+06
20	10	0	11	5.21107e+06	7	32	2	104857	990150
20	10	0	11	5.21107e+06	7	32	3	104857	902560
20	10	0	11	5.21107e+06	7	32	4	104857	874510
20	10	0	11	5.21107e+06	7	32	5	104857	844915
20	10	0	11	5.21107e+06	7	32	6	104857	1.22526e+06
20	10	0	11	5.21107e+06	7	32	7	104857	931117
20	10	0	11	5.21107e+06	7	32	8	104857	832963
20	10	0	11	5.21107e+06	7	32	9	0	0
20	10	0	11	5.21107e+06	7	32	10	0	0
20	10	0	11	5.21107e+06	7	64	1	104857	949869
20	10	0	11	5.21107e+06	7	64	2	104857	838172
20	10	0	11	5.21107e+06	7	64	3	104857	867620
20	10	0	11	5.21107e+06	7	64	4	104857	762180
20	10	0	11	5.21107e+06	7	64	5	104857	945582
20	10	0	11	5.21107e+06	7	64	6	104857	1.37218e+06
20	10	0	11	5.21107e+06	7	64	7	104857	825680
20	10	0	11	5.21107e+06	7	64	8	0	0
20	10	0	11	5.21107e+06	7	64	9	0	0
20	10	0	11	5.21107e+06	7	64	10	0	0
20	10	0	11	5.21107e+06	7	128	1	104857	1.08034e+06
20	10	0	11	5.21107e+06	7	128	2	104857	1.03202e+06
20	10	0	11	5.21107e+06	7	128	3	104857	1.11507e+06
20	10	0	11	5.21107e+06	7	128	4	104857	1.05724e+06
20	10	0	11	5.21107e+06	7	128	5	104857	1.02334e+06
20	10	0	11	5.21107e+06	7	128	6	104857	1.01766e+06
20	10	0	11	5.21107e+06	7	128	7	0	0
20	10	0	11	5.21107e+06	7	128	8	0	0
20	10	0	11	5.21107e+06	7	128	9	0	0
20	10	0	11	5.21107e+06	7	128	10	0	0
20	10	0	11	5.21107e+06	7	256	1	104857	1.17072e+06
20	10	0	11	5.21107e+06	7	256	2	104857	1.11595e+06
20	10	0	11	5.21107e+06	7	256	3	104857	1.0239e+06
20	10	0	11	5.21107e+06	7	256	4	104857	1.05156e+06
20	10	0	11	5.21107e+06	7	256	5	104857	1.01356e+06
20	10	0	11	5.21107e+06	7	256	6	0	0
20	10	0	11	5.21107e+06	7	256	7	0	0
20	10	0	11	5.21107e+06	7	256	8	0	0
20	10	0	11	5.21107e+06	7	256	9	0	0
20	10	0	11	5.21107e+06	7	256	10	0	0
20	10	0	11	5.21107e+06	7	512	1	104857	1.00381e+06
20	10	0	11	5.21107e+06	7	512	2	104857	1.01744e+06
20	10	0	11	5.21107e+06	7	512	3	104857	986703
20	10	0	11	5.21107e+06	7	512	4	104857	974347
20	10	0	11	5.21107e+06	7	512	5	0	0
20	10	0	11	5.21107e+06	7	512	6	0	0
20	10	0	11	5.21107e+06	7	512	7	0	0
20	10	0	11	5.21107e+06	7	512	8	0	0
20	10	0	11	5.21107e+06	7	512	9	0	0
20	10	0	11	5.21107e+06	7	512	10	0	0
20	20	0	6	5.61178e+06	0	1	1	209715	1.16258e+07
20	20	0	6	5.61178e+06	0	1	2	209715	1.23242e+07
20	20	0	6	5.61178e+06	0	1	3	209715	1.13124e+07
20	20	0	6	5.61178e+06	0	1	4	209715	1.06682e+07
20	20	0	6	5.61178e+06	0	1	5	209715	1.0347e+07
20	20	0	6	5.61178e+06	0	1	6	209715	1.21669e+07
20	20	0	6	5.61178e+06	0	1	7	209715	1.10511e+07
20	20	0	6	5.61178e+06	0	1	8	209715	1.07714e+07
20	20	0	6	5.61178e+06	0	1	9	209715	1.06059e+07
20	20	0	6	5.61178e+06	0	1	10	209715	1.06694e+07
20	20	0	6	5.61178e+06	1	2	1	209715	1.10183e+07
20	20	0	6	5.61178e+06	1	2	2	209715	1.05085e+07
20	20	0	6	5.61178e+06	1	2	3	209715	1.02968e+07
20	20	0	6	5.61178e+06	1	2	4	209715	1.05094e+07
20	20	0	6	5.61178e+06	1	2	5	209715	1.01199e+07
20	20	0	6	5.61178e+06	1	2	6	209715	1.13818e+07
20	20	0	6	5.61178e+06	1	2	7	209715	1.04395e+07
20	20	0	6	5.61178e+06	1	2	8	209715	1.03994e+07
20	20	0	6	5.61178e+06	1	2	9	209715	1.03729e+07
20	20	0	6	5.61178e+06	1	2	10	209715	1.06065e+07
20	20	0	6	5.61178e+06	1	4	1	209715	1.06689e+07
20	20	0	6	5.61178e+06	1	4	2	209715	1.04261e+07
20	20	0	6	5.61178e+06	1	4	3	209715	1.02324e+07
20	20	0	6	5.61178e+06	1	4	4	209715	1.04161e+07
20	20	0	6	5.61178e+06	1	4	5	209715	1.04827e+07
20	20	0	6	5.61178e+06	1	4	6	209715	1.01256e+07
20	20	0	6	5.61178e+06	1	4	7	209715	1.01769e+07
20	20	0	6	5.61178e+06	1	4	8	209715	1.01906e+07
20	20	0	6	5.61178e+06	1	4	9	209715	1.01447e+07
20	20	0	6	5.61178e+06	1	4	10	209715	1.04302e+07
20	20	0	6	5.61178e+06	1	8	1	209715	1.03383e+07
20	20	0	6	5.61178e+06	1	8	2	209715	1.09073e+07
20	20	0	6	5.61178e+06	1	8	3	209715	1.07877e+07
20	20	0	6	5.61178e+06	1	8	4	209715	1.04094e+07
20	20	0	6	5.61178e+06	1	8	5	209715	1.01607e+07
20	20	0	6	5.61178e+06	1	8	6	209715	1.01328e+07
20	20	0	6	5.61178e+06	1	8	7	209715	1.01447e+07
20	20	0	6	5.61178e+06	1	8	8	209715	1.01168e+07
20	20	0	6	5.61178e+06	1	8	9	209715	1.01335e+07
20	20	0	6	5.61178e+06	1	8	10	209715	1.01284e+07
20	20	0	6	5.61178e+06	1	16	1	209715	1.06057e+07
20	20	0	6	5.61178e+06	1	16	2	209715	1.02435e+07
20	20	0	6	5.61178e+06	1	16	3	209715	1.0448e+07
20	20	0	6	5.61178e+06	1	16	4	209715	1.01498e+07
20	20	0	6	5.61178e+06	1	16	5	209715	1.01612e+07
20	20	0	6	5.61178e+06	1	16	6	209715	1.06703e+07
20	20	0	6	5.61178e+06	1	16	7	209715	1.07184e+07
20	20	0	6	5.61178e+06	1	16	8	209715	1.01831e+07
20	20	0	6	5.61178e+06	1	16	9	209715	1.02345e+07
20	20	0	6	5.61178e+06	1	16	10	209715	1.05412e+07
20	20	0	6	5.61178e+06	1	32	1	209715	1.02338e+07
20	20	0	6	5.61178e+06	1	32	2	209715	1.0786e+07
20	20	0	6	5.61178e+06	1	32	3	209715	1.01747e+07
20	20	0	6	5.61178e+06	1	32	4	209715	1.03432e+07
20	20	0	6	5.61178e+06	1	32	5	209715	1.06853e+07
20	20	0	6	5.61178e+06	1	32	6	209715	1.03446e+07
20	20	0	6	5.61178e+06	1	32	7	209715	1.08639e+07
20	20	0	6	5.61178e+06	1	32	8	209715	1.03997e+07
20	20	0	6	5.61178e+06	1	32	9	209715	1.02097e+07
20	20	0	6	5.61178e+06	1	32	10	209715	1.01325e+07
20	20	0	6	5.61178e+06	1	64	1	209715	1.07418e+07
20	20	0	6	5.61178e+06	1	64	2	209715	1.00364e+07
20	20	0	6	5.61178e+06	1	64	3	209715	1.00173e+07
20	20	0	6	5.61178e+06	1	64	4	209715	1.00036e+07
20	20	0	6	5.61178e+06	1	64	5	209715	1.0244e+07
20	20	0	6	5.61178e+06	1	64	6	209715	1.04489e+07
20	20	0	6	5.61178e+06	1	64	7	209715	9.998e+06
20	20	0	6	5.61178e+06	1	64	8	209715	9.99963e+06
20	20	0	6	5.61178e+06	1	64	9	209715	1.00618e+07
20	20	0	6	5.61178e+06	1	64	10	209715	1.02316e+07
20	20	0	6	5.61178e+06	1	128	1	209715	1.05412e+07
20	20	0	6	5.61178e+06	1	128	2	209715	1.08054e+07
20	20	0	6	5.61178e+06	1	128	3	209715	1.05034e+07
20	20	0	6	5.61178e+06	1	128	4	209715	1.07332e+07
20	20	0	6	5.61178e+06	1	128	5	209715	1.06349e+07
20	20	0	6	5.61178e+06	1	128	6	209715	1.28744e+07
20	20	0	6	5.61178e+06	1	128	7	209715	1.1708e+07
20	20	0	6	5.61178e+06	1	128	8	209715	1.0066e+07
20	20	0	6	5.61178e+06	1	128	9	209715	9.92831e+06
20	20	0	6	5.61178e+06	1	128	10	209715	9.89448e+06
20	20	0	6	5.61178e+06	1	256	1	209715	1.10075e+07
20	20	0	6	5.61178e+06	1	256	2	209715	9.96487e+06
20	20	0	6	5.61178e+06	1	256	3	209715	1.01165e+07
20	20	0	6	5.61178e+06	1	256	4	209715	9.96266e+06
20	20	0	6	5.61178e+06	1	256	5	209715	1.00084e+07
20	20	0	6	5.61178e+06	1	256	6	209715	1.06425e+07
20	20	0	6	5.61178e+06	1	256	7	209715	1.00135e+07
20	20	0	6	5.61178e+06	1	256	8	209715	1.00923e+07
20	20	0	6	5.61178e+06	1	256	9	209715	9.94108e+06
20	20	0	6	5.61178e+06	1	256	10	209715	1.02497e+07
20	20	0	6	5.61178e+06	1	512	1	209715	1.0038e+07
20	20	0	6	5.61178e+06	1	512	2	209715	1.1978e+07
20	20	0	6	5.61178e+06	1	512	3	209715	9.98556e+06
20	20	0	6	5.61178e+06	1	512	4	209715	1.00243e+07
20	20	0	6	5.61178e+06	1	512	5	209715	9.96247e+06
20	20	0	6	5.61178e+06	1	512	6	209715	9.95817e+06
20	20	0	6	5.61178e+06	1	512	7	209715	1.02429e+07
20	20	0	6	5.61178e+06	1	512	8	209715	9.98999e+06
20	20	0	6	5.61178e+06	1	512	9	209715	9.96319e+06
20	20	0	6	5.61178e+06	1	512	10	209715	8.87449e+06
20	20	0	6	5.61178e+06	2	2	1	209715	6.30052e+06
20	20	0	6	5.61178e+06	2	2	2	209715	6.23091e+06
20	20	0	6	5.61178e+06	2	2	3	209715	5.39588e+06
20	20	0	6	5.61178e+06	2	2	4	209715	5.47701e+06
20	20	0	6	5.61178e+06	2	2	5	209715	5.64793e+06
20	20	0	6	5.61178e+06	2	2	6	209715	5.62602e+06
20	20	0	6	5.61178e+06	2	2	7	209715	5.0949e+06
20	20	0	6	5.61178e+06	2	2	8	209715	4.9944e+06
20	20	0	6	5.61178e+06	2	2	9	209715	5.05586e+06
20	20	0	6	5.61178e+06	2	2	10	209715	5.22062e+06
20	20	0	6	5.61178e+06	2	4	1	209715	3.28938e+06
20	20	0	6	5.61178e+06	2	4	2	209715	2.90423e+06
20	20	0	6	5.61178e+06	2	4	3	209715	2.74242e+06
20	20	0	6	5.61178e+06	2	4	4	209715	2.76821e+06
20	20	0	6	5.61178e+06	2	4	5	209715	2.75022e+06
20	20	0	6	5.61178e+06	2	4	6	209715	2.77452e+06
20	20	0	6	5.61178e+06	2	4	7	209715	2.95166e+06
20	20	0	6	5.61178e+06	2	4	8	209715	2.73461e+06
20	20	0	6	5.61178e+06	2	4	9	209715	3.4657e+06
20	20	0	6	5.61178e+06	2	4	10	209715	3.20829e+06
20	20	0	6	5.61178e+06	2	8	1	209715	2.08727e+06
20	20	0	6	5.61178e+06	2	8	2	209715	2.0215e+06
20	20	0	6	5.61178e+06	2	8	3	209715	2.09144e+06
20	20	0	6	5.61178e+06	2	8	4	209715	1.4161e+06
20	20	0	6	5.61178e+06	2	8	5	209715	2.54891e+06
20	20	0	6	5.61178e+06	2	8	6	209715	1.318e+06
20	20	0	6	5.61178e+06	2	8	7	209715	1.40061e+06
20	20	0	6	5.61178e+06	2	8	8	209715	1.31763e+06
20	20	0	6	5.61178e+06	2	8	9	209715	1.34288e+06
20	20	0	6	5.61178e+06	2	8	10	209715	1.24153e+06
20	20	0	6	5.61178e+06	2	16	1	209715	971272
20	20	0	6	5.61178e+06	2	16	2	209715	839518
20	20	0	6	5.61178e+06	2	16	3	209715	846219
20	20	0	6	5.61178e+06	2	16	4	209715	792098
20	20	0	6	5.61178e+06	2	16	5	209715	1.31832e+06
20	20	0	6	5.61178e+06	2	16	6	209715	816466
20	20	0	6	5.61178e+06	2	16	7	209715	867640
20	20	0	6	5.61178e+06	2	16	8	209715	798106
20	20	0	6	5.61178e+06	2	16	9	209715	830162
20	20	0	6	5.61178e+06	2	16	10	209715	767587
20	20	0	6	5.61178e+06	2	32	1	209715	836373
20	20	0	6	5.61178e+06	2	32	2	209715	778982
20	20	0	6	5.61178e+06	2	32	3	209715	700038
20	20	0	6	5.61178e+06	2	32	4	209715	1.11068e+06
20	20	0	6	5.61178e+06	2	32	5	209715	1.57399e+06
20	20	0	6	5.61178e+06	2	32	6	209715	926778
20	20	0	6	5.61178e+06	2	32	7	209715	851986
20	20	0	6	5.61178e+06	2	32	8	209715	1.506e+06
20	20	0	6	5.61178e+06	2	32	9	209715	710127
20	20	0	6	5.61178e+06	2	32	10	209715	743852
20	20	0	6	5.61178e+06	2	64	1	209715	665216
20	20	0	6	5.61178e+06	2	64	2	209715	664334
20	20	0	6	5.61178e+06	2	64	3	209715	996799
20	20	0	6	5.61178e+06	2	64	4	209715	604145
20	20	0	6	5.61178e+06	2	64	5	209715	716769
20	20	0	6	5.61178e+06	2	64	6	209715	640183
20	20	0	6	5.61178e+06	2	64	7	209715	603481
20	20	0	6	5.61178e+06	2	64	8	209715	650148
20	20	0	6	5.61178e+06	2	64	9	209715	623075
20	20	0	6	5.61178e+06	2	64	10	209715	797918
20	20	0	6	5.61178e+06	2	128	1	209715	605075
20	20	0	6	5.61178e+06	2	128	2	209715	594485
20	20	0	6	5.61178e+06	2	128	3	209715	743098
20	20	0	6	5.61178e+06	2	128	4	209715	678653
20	20	0	6	5.61178e+06	2	128	5	209715	797234
20	20	0	6	5.61178e+06	2	128	6	209715	787790
20	20	0	6	5.61178e+06	2	128	7	209715	673632
20	20	0	6	5.61178e+06	2	128	8	209715	720880
20	20	0	6	5.61178e+06	2	128	9	209715	804108
20	20	0	6	5.61178e+06	2	128	10	209715	719693
20	20	0	6	5.61178e+06	2	256	1	209715	860403
20	20	0	6	5.61178e+06	2	256	2	209715	589289
20	20	0	6	5.61178e+06	2	256	3	209715	514478
20	20	0	6	5.61178e+06	2	256	4	209715	531259
20	20	0	6	5.61178e+06	2	256	5	209715	616745
20	20	0	6	5.61178e+06	2	256	6	209715	623682
20	20	0	6	5.61178e+06	2	256	7	209715	677811
20	20	0	6	5.61178e+06	2	256	8	209715	607773
20	20	0	6	5.61178e+06	2	256	9	209715	537242
20	20	0	6	5.61178e+06	2	256	10	209715	608477
20	20	0	6	5.61178e+06	2	512	1	209715	659260
20	20	0	6	5.61178e+06	2	512	2	209715	597223
20	20	0	6	5.61178e+06	2	512	3	209715	538661
20	20	0	6	5.61178e+06	2	512	4	209715	640979
20	20	0	6	5.61178e+06	2	512	5	209715	777674
20	20	0	6	5.61178e+06	2	512	6	209715	498782
20	20	0	6	5.61178e+06	2	512	7	209715	557579
20	20	0	6	5.61178e+06	2	512	8	209715	609477
20	20	0	6	5.61178e+06	2	512	9	209715	693944
20	20	0	6	5.61178e+06	2	512	10	209715	732973
20	20	0	6	5.61178e+06	3	2	1	209715	5.97213e+06
20	20	0	6	5.61178e+06	3	2	2	209715	7.59596e+06
20	20	0	6	5.61178e+06	3	2	3	209715	5.39351e+06
20	20	0	6	5.61178e+06	3	2	4	209715	5.27493e+06
20	20	0	6	5.61178e+06	3	2	5	209715	5.20737e+06
20	20	0	6	5.61178e+06	3	2	6	209715	5.21399e+06
20	20	0	6	5.61178e+06	3	2	7	209715	5.29712e+06
20	20	0	6	5.61178e+06	3	2	8	209715	5.2179e+06
20	20	0	6	5.61178e+06	3	2	9	209715	5.24463e+06
20	20	0	6	5.61178e+06	3	2	10	209715	5.20499e+06
20	20	0	6	5.61178e+06	3	4	1	209715	4.05103e+06
20	20	0	6	5.61178e+06	3	4	2	209715	3.37593e+06
20	20	0	6	5.61178e+06	3	4	3	209715	3.24903e+06
20	20	0	6	5.61178e+06	3	4	4	209715	3.33649e+06
20	20	0	6	5.61178e+06	3	4	5	209715	3.33962e+06
20	20	0	6	5.61178e+06	3	4	6	209715	3.00197e+06
20	20	0	6	5.61178e+06	3	4	7	209715	3.01083e+06
20	20	0	6	5.61178e+06	3	4	8	209715	3.02785e+06
20	20	0	6	5.61178e+06	3	4	9	209715	2.99238e+06
20	20	0	6	5.61178e+06	3	4	10	209715	3.00625e+06
20	20	0	6	5.61178e+06	3	8	1	209715	2.43857e+06
20	20	0	6	5.61178e+06	3	8	2	209715	1.74664e+06
20	20	0	6	5.61178e+06	3	8	3	209715	1.73457e+06
20	20	0	6	5.61178e+06	3	8	4	209715	1.64117e+06
20	20	0	6	5.61178e+06	3	8	5	209715	1.60422e+06
20	20	0	6	5.61178e+06	3	8	6	209715	1.69079e+06
20	20	0	6	5.61178e+06	3	8	7	209715	1.59012e+06
20	20	0	6	5.61178e+06	3	8	8	209715	2.87846e+06
20	20	0	6	5.61178e+06	3	8	9	209715	2.00351e+06
20	20	0	6	5.61178e+06	3	8	10	209715	2.2505e+06
20	20	0	6	5.61178e+06	3	16	1	209715	1.87915e+06
20	20	0	6	5.61178e+06	3	16	2	209715	3.60949e+06
20	20	0	6	5.61178e+06	3	16	3	209715	1.38525e+06
20	20	0	6	5.61178e+06	3	16	4	209715	1.21759e+06
20	20	0	6	5.61178e+06	3	16	5	209715	1.22101e+06
20	20	0	6	5.61178e+06	3	16	6	209715	1.28827e+06
20	20	0	6	5.61178e+06	3	16	7	209715	1.33529e+06
20	20	0	6	5.61178e+06	3	16	8	209715	1.89854e+06
20	20	0	6	5.61178e+06	3	16	9	209715	1.15958e+06
20	20	0	6	5.61178e+06	3	16	10	209715	1.23015e+06
20	20	0	6	5.61178e+06	3	32	1	209715	852060
20	20	0	6	5.61178e+06	3	32	2	209715	797565
20	20	0	6	5.61178e+06	3	32	3	209715	809928
20	20	0	6	5.61178e+06	3	32	4	209715	1.17008e+06
20	20	0	6	5.61178e+06	3	32	5	209715	886914
20	20	0	6	5.61178e+06	3	32	6	209715	741461
20	20	0	6	5.61178e+06	3	32	7	209715	779259
20	20	0	6	5.61178e+06	3	32	8	209715	843460
20	20	0	6	5.61178e+06	3	32	9	209715	732140
20	20	0	6	5.61178e+06	3	32	10	209715	886688
20	20	0	6	5.61178e+06	3	64	1	209715	940242
20	20	0	6	5.61178e+06	3	64	2	209715	766887
20	20	0	6	5.61178e+06	3	64	3	209715	739575
20	20	0	6	5.61178e+06	3	64	4	209715	817155
20	20	0	6	5.61178e+06	3	64	5	209715	864114
20	20	0	6	5.61178e+06	3	64	6	209715	916446
20	20	0	6	5.61178e+06	3	64	7	209715	724572
20	20	0	6	5.61178e+06	3	64	8	209715	823202
20	20	0	6	5.61178e+06	3	64	9	209715	749203
20	20	0	6	5.61178e+06	3	64	10	209715	1.41061e+06
20	20	0	6	5.61178e+06	3	128	1	209715	869311
20	20	0	6	5.61178e+06	3	128	2	209715	717689
20	20	0	6	5.61178e+06	3	128	3	209715	724402
20	20	0	6	5.61178e+06	3	128	4	209715	702096
20	20	0	6	5.61178e+06	3	128	5	209715	704910
20	20	0	6	5.61178e+06	3	128	6	209715	774277
20	20	0	6	5.61178e+06	3	128	7	209715	742838
20	20	0	6	5.61178e+06	3	128	8	209715	1.13772e+06
20	20	0	6	5.61178e+06	3	128	9	209715	883792
20	20	0	6	5.61178e+06	3	128	10	209715	695889
20	20	0	6	5.61178e+06	3	256	1	209715	679075
20	20	0	6	5.61178e+06	3	256	2	209715	736215
20	20	0	6	5.61178e+06	3	256	3	209715	856874
20	20	0	6	5.61178e+06	3	256	4	209715	980742
20	20	0	6	5.61178e+06	3	256	5	209715	801562
20	20	0	6	5.61178e+06	3	256	6	209715	657821
20	20	0	6	5.61178e+06	3	256	7	209715	736163
20	20	0	6	5.61178e+06	3	256	8	209715	869342
20	20	0	6	5.61178e+06	3	256	9	209715	773555
20	20	0	6	5.61178e+06	3	256	10	209715	871502
20	20	0	6	5.61178e+06	3	512	1	209715	745008
20	20	0	6	5.61178e+06	3	512	2	209715	1.25358e+06
20	20	0	6	5.61178e+06	3	512	3	209715	707269
20	20	0	6	5.61178e+06	3	512	4	209715	669382
20	20	0	6	5.61178e+06	3	512	5	209715	723395
20	20	0	6	5.61178e+06	3	512	6	209715	784306
20	20	0	6	5.61178e+06	3	512	7	209715	729609
20	20	0	6	5.61178e+06	3	512	8	209715	756647
20	20	0	6	5.61178e+06	3	512	9	209715	708293
20	20	0	6	5.61178e+06	3	512	10	209715	1.08036e+06
20	20	0	6	5.61178e+06	4	1	1	209715	1.10534e+07
20	20	0	6	5.61178e+06	4	1	2	209715	7.23201e+06
20	20	0	6	5.61178e+06	4	1	3	209715	4.42128e+06
20	20	0	6	5.61178e+06	4	1	4	209715	3.45896e+06
20	20	0	6	5.61178e+06	4	1	5	209715	2.96279e+06
20	20	0	6	5.61178e+06	4	1	6	209715	2.66062e+06
20	20	0	6	5.61178e+06	4	1	7	209715	2.58604e+06
20	20	0	6	5.61178e+06	4	1	8	209715	2.58405e+06
20	20	0	6	5.61178e+06	4	1	9	209715	3.14904e+06
20	20	0	6	5.61178e+06	4	1	10	209715	2.50382e+06
20	20	0	6	5.61178e+06	5	2	1	209715	5.75237e+06
20	20	0	6	5.61178e+06	5	2	2	209715	3.86329e+06
20	20	0	6	5.61178e+06	5	2	3	209715	2.67844e+06
20	20	0	6	5.61178e+06	5	2	4	209715	2.03815e+06
20	20	0	6	5.61178e+06	5	2	5	209715	2.29978e+06
20	20	0	6	5.61178e+06	5	2	6	209715	2.18156e+06
20	20	0	6	5.61178e+06	5	2	7	209715	1.41675e+06
20	20	0	6	5.61178e+06	5	2	8	209715	1.43746e+06
20	20	0	6	5.61178e+06	5	2	9	209715	1.47225e+06
20	20	0	6	5.61178e+06	5	2	10	209715	1.51817e+06
20	20	0	6	5.61178e+06	5	4	1	209715	3.24278e+06
20	20	0	6	5.61178e+06	5	4	2	209715	2.271e+06
20	20	0	6	5.61178e+06	5	4	3	209715	2.1563e+06
20	20	0	6	5.61178e+06	5	4	4	209715	1.37494e+06
20	20	0	6	5.61178e+06	5	4	5	209715	1.33551e+06
20	20	0	6	5.61178e+06	5	4	6	209715	1.13688e+06
20	20	0	6	5.61178e+06	5	4	7	209715	1.11848e+06
20	20	0	6	5.61178e+06	5	4	8	209715	1.34088e+06
20	20	0	6	5.61178e+06	5	4	9	209715	1.13682e+06
20	20	0	6	5.61178e+06	5	4	10	209715	1.11843e+06
20	20	0	6	5.61178e+06	5	8	1	209715	2.32229e+06
20	20	0	6	5.61178e+06	5	8	2	209715	1.54305e+06
20	20	0	6	5.61178e+06	5	8	3	209715	1.20581e+06
20	20	0	6	5.61178e+06	5	8	4	209715	1.28724e+06
20	20	0	6	5.61178e+06	5	8	5	209715	992886
20	20	0	6	5.61178e+06	5	8	6	209715	1.03619e+06
20	20	0	6	5.61178e+06	5	8	7	209715	1.01931e+06
20	20	0	6	5.61178e+06	5	8	8	209715	976411
20	20	0	6	5.61178e+06	5	8	9	209715	978914
20	20	0	6	5.61178e+06	5	8	10	209715	946871
20	20	0	6	5.61178e+06	5	16	1	209715	1.39559e+06
20	20	0	6	5.61178e+06	5	16	2	209715	1.30607e+06
20	20	0	6	5.61178e+06	5	16	3	209715	1.17841e+06
20	20	0	6	5.61178e+06	5	16	4	209715	1.405e+06
20	20	0	6	5.61178e+06	5	16	5	209715	957678
20	20	0	6	5.61178e+06	5	16	6	209715	1.05138e+06
20	20	0	6	5.61178e+06	5	16	7	209715	968070
20	20	0	6	5.61178e+06	5	16	8	209715	1.24748e+06
20	20	0	6	5.61178e+06	5	16	9	209715	1.25644e+06
20	20	0	6	5.61178e+06	5	16	10	0	0
20	20	0	6	5.61178e+06	5	32	1	209715	1.33968e+06
20	20	0	6	5.61178e+06	5	32	2	209715	969800
20	20	0	6	5.61178e+06	5	32	3	209715	1.00586e+06
20	20	0	6	5.61178e+06	5	32	4	209715	1.07069e+06
20	20	0	6	5.61178e+06	5	32	5	209715	865081
20	20	0	6	5.61178e+06	5	32	6	209715	847261
20	20	0	6	5.61178e+06	5	32	7	209715	834197
20	20	0	6	5.61178e+06	5	32	8	209715	990075
20	20	0	6	5.61178e+06	5	32	9	0	0
20	20	0	6	5.61178e+06	5	32	10	0	0
20	20	0	6	5.61178e+06	5	64	1	209715	941924
20	20	0	6	5.61178e+06	5	64	2	209715	902076
20	20	0	6	5.61178e+06	5	64	3	209715	833233
20	20	0	6	5.61178e+06	5	64	4	209715	952050
20	20	0	6	5.61178e+06	5	64	5	209715	1.23292e+06
20	20	0	6	5.61178e+06	5	64	6	209715	944686
20	20	0	6	5.61178e+06	5	64	7	209715	778892
20	20	0	6	5.61178e+06	5	64	8	0	0
20	20	0	6	5.61178e+06	5	64	9	0	0
20	20	0	6	5.61178e+06	5	64	10	0	0
20	20	0	6	5.61178e+06	5	128	1	209715	1.01923e+06
20	20	0	6	5.61178e+06	5	128	2	209715	867972
20	20	0	6	5.61178e+06	5	128	3	209715	1.14836e+06
20	20	0	6	5.61178e+06	5	128	4	209715	855560
20	20	0	6	5.61178e+06	5	128	5	209715	1.01207e+06
20	20	0	6	5.61178e+06	5	128	6	209715	1.53968e+06
20	20	0	6	5.61178e+06	5	128	7	0	0
20	20	0	6	5.61178e+06	5	128	8	0	0
20	20	0	6	5.61178e+06	5	128	9	0	0
20	20	0	6	5.61178e+06	5	128	10	0	0
20	20	0	6	5.61178e+06	5	256	1	209715	2.01581e+06
20	20	0	6	5.61178e+06	5	256	2	209715	3.04156e+06
20	20	0	6	5.61178e+06	5	256	3	209715	1.84493e+06
20	20	0	6	5.61178e+06	5	256	4	209715	1.17558e+06
20	20	0	6	5.61178e+06	5	256	5	209715	1.73775e+06
20	20	0	6	5.61178e+06	5	256	6	0	0
20	20	0	6	5.61178e+06	5	256	7	0	0
20	20	0	6	5.61178e+06	5	256	8	0	0
20	20	0	6	5.61178e+06	5	256	9	0	0
20	20	0	6	5.61178e+06	5	256	10	0	0
20	20	0	6	5.61178e+06	5	512	1	209715	2.51492e+06
20	20	0	6	5.61178e+06	5	512	2	209715	1.69559e+06
20	20	0	6	5.61178e+06	5	512	3	209715	1.48187e+06
20	20	0	6	5.61178e+06	5	512	4	209715	758081
20	20	0	6	5.61178e+06	5	512	5	0	0
20	20	0	6	5.61178e+06	5	512	6	0	0
20	20	0	6	5.61178e+06	5	512	7	0	0
20	20	0	6	5.61178e+06	5	512	8	0	0
20	20	0	6	5.61178e+06	5	512	9	0	0
20	20	0	6	5.61178e+06	5	512	10	0	0
20	20	0	6	5.61178e+06	6	2	1	209715	1.15439e+07
20	20	0	6	5.61178e+06	6	2	2	209715	5.44653e+06
20	20	0	6	5.61178e+06	6	2	3	209715	4.07472e+06
20	20	0	6	5.61178e+06	6	2	4	209715	1.8861e+06
20	20	0	6	5.61178e+06	6	2	5	209715	2.51055e+06
20	20	0	6	5.61178e+06	6	2	6	209715	1.94962e+06
20	20	0	6	5.61178e+06	6	2	7	209715	3.34725e+06
20	20	0	6	5.61178e+06	6	2	8	209715	1.25988e+06
20	20	0	6	5.61178e+06	6	2	9	209715	1.38883e+06
20	20	0	6	5.61178e+06	6	2	10	209715	1.32385e+06
20	20	0	6	5.61178e+06	6	4	1	209715	3.08643e+06
20	20	0	6	5.61178e+06	6	4	2	209715	2.13995e+06
20	20	0	6	5.61178e+06	6	4	3	209715	1.58049e+06
20	20	0	6	5.61178e+06	6	4	4	209715	1.31888e+06
20	20	0	6	5.61178e+06	6	4	5	209715	1.17822e+06
20	20	0	6	5.61178e+06	6	4	6	209715	1.11236e+06
20	20	0	6	5.61178e+06	6	4	7	209715	1.13682e+06
20	20	0	6	5.61178e+06	6	4	8	209715	1.32532e+06
20	20	0	6	5.61178e+06	6	4	9	209715	2.44575e+06
20	20	0	6	5.61178e+06	6	4	10	209715	2.58098e+06
20	20	0	6	5.61178e+06	6	8	1	209715	4.15119e+06
20	20	0	6	5.61178e+06	6	8	2	209715	2.80567e+06
20	20	0	6	5.61178e+06	6	8	3	209715	1.07931e+06
20	20	0	6	5.61178e+06	6	8	4	209715	950754
20	20	0	6	5.61178e+06	6	8	5	209715	1.14116e+06
20	20	0	6	5.61178e+06	6	8	6	209715	857897
20	20	0	6	5.61178e+06	6	8	7	209715	764071
20	20	0	6	5.61178e+06	6	8	8	209715	2.09491e+06
20	20	0	6	5.61178e+06	6	8	9	209715	2.23561e+06
20	20	0	6	5.61178e+06	6	8	10	209715	1.69783e+06
20	20	0	6	5.61178e+06	6	16	1	209715	1.26776e+06
20	20	0	6	5.61178e+06	6	16	2	209715	1.36733e+06
20	20	0	6	5.61178e+06	6	16	3	209715	836516
20	20	0	6	5.61178e+06	6	16	4	209715	783839
20	20	0	6	5.61178e+06	6	16	5	209715	738604
20	20	0	6	5.61178e+06	6	16	6	209715	1.39666e+06
20	20	0	6	5.61178e+06	6	16	7	209715	893637
20	20	0	6	5.61178e+06	6	16	8	209715	2.44897e+06
20	20	0	6	5.61178e+06	6	16	9	209715	1.13706e+06
20	20	0	6	5.61178e+06	6	16	10	0	0
20	20	0	6	5.61178e+06	6	32	1	209715	1.21328e+06
20	20	0	6	5.61178e+06	6	32	2	209715	877328
20	20	0	6	5.61178e+06	6	32	3	209715	803222
20	20	0	6	5.61178e+06	6	32	4	209715	899968
20	20	0	6	5.61178e+06	6	32	5	209715	729305
20	20	0	6	5.61178e+06	6	32	6	209715	1.38064e+06
20	20	0	6	5.61178e+06	6	32	7	209715	703231
20	20	0	6	5.61178e+06	6	32	8	209715	721674
20	20	0	6	5.61178e+06	6	32	9	0	0
20	20	0	6	5.61178e+06	6	32	10	0	0
20	20	0	6	5.61178e+06	6	64	1	209715	940605
20	20	0	6	5.61178e+06	6	64	2	209715	781302
20	20	0	6	5.61178e+06	6	64	3	209715	729785
20	20	0	6	5.61178e+06	6	64	4	209715	1.29302e+06
20	20	0	6	5.61178e+06	6	64	5	209715	723515
20	20	0	6	5.61178e+06	6	64	6	209715	817910
20	20	0	6	5.61178e+06	6	64	7	209715	1.66108e+06
20	20	0	6	5.61178e+06	6	64	8	0	0
20	20	0	6	5.61178e+06	6	64	9	0	0
20	20	0	6	5.61178e+06	6	64	10	0	0
20	20	0	6	5.61178e+06	6	128	1	209715	1.83925e+06
20	20	0	6	5.61178e+06	6	128	2	209715	890869
20	20	0	6	5.61178e+06	6	128	3	209715	879462
20	20	0	6	5.61178e+06	6	128	4	209715	844567
20	20	0	6	5.61178e+06	6	128	5	209715	933547
20	20	0	6	5.61178e+06	6	128	6	209715	860720
20	20	0	6	5.61178e+06	6	128	7	0	0
20	20	0	6	5.61178e+06	6	128	8	0	0
20	20	0	6	5.61178e+06	6	128	9	0	0
20	20	0	6	5.61178e+06	6	128	10	0	0
20	20	0	6	5.61178e+06	6	256	1	209715	855577
20	20	0	6	5.61178e+06	6	256	2	209715	837265
20	20	0	6	5.61178e+06	6	256	3	209715	1.11689e+06
20	20	0	6	5.61178e+06	6	256	4	209715	850991
20	20	0	6	5.61178e+06	6	256	5	209715	1.15902e+06
20	20	0	6	5.61178e+06	6	256	6	0	0
20	20	0	6	5.61178e+06	6	256	7	0	0
20	20	0	6	5.61178e+06	6	256	8	0	0
20	20	0	6	5.61178e+06	6	256	9	0	0
20	20	0	6	5.61178e+06	6	256	10	0	0
20	20	0	6	5.61178e+06	6	512	1	209715	1.2379e+06
20	20	0	6	5.61178e+06	6	512	2	209715	1.28821e+06
20	20	0	6	5.61178e+06	6	512	3	209715	1.18192e+06
20	20	0	6	5.61178e+06	6	512	4	209715	1.23007e+06
20	20	0	6	5.61178e+06	6	512	5	0	0
20	20	0	6	5.61178e+06	6	512	6	0	0
20	20	0	6	5.61178e+06	6	512	7	0	0
20	20	0	6	5.61178e+06	6	512	8	0	0
20	20	0	6	5.61178e+06	6	512	9	0	0
20	20	0	6	5.61178e+06	6	512	10	0	0
20	20	0	6	5.61178e+06	7	2	1	209715	1.20714e+07
20	20	0	6	5.61178e+06	7	2	2	209715	5.04934e+06
20	20	0	6	5.61178e+06	7	2	3	209715	4.52456e+06
20	20	0	6	5.61178e+06	7	2	4	209715	3.30598e+06
20	20	0	6	5.61178e+06	7	2	5	209715	5.75856e+06
20	20	0	6	5.61178e+06	7	2	6	209715	2.15057e+06
20	20	0	6	5.61178e+06	7	2	7	209715	2.06502e+06
20	20	0	6	5.61178e+06	7	2	8	209715	2.63183e+06
20	20	0	6	5.61178e+06	7	2	9	209715	2.30958e+06
20	20	0	6	5.61178e+06	7	2	10	209715	4.66547e+06
20	20	0	6	5.61178e+06	7	4	1	209715	7.55681e+06
20	20	0	6	5.61178e+06	7	4	2	209715	3.16965e+06
20	20	0	6	5.61178e+06	7	4	3	209715	3.72297e+06
20	20	0	6	5.61178e+06	7	4	4	209715	3.3135e+06
20	20	0	6	5.61178e+06	7	4	5	209715	2.66206e+06
20	20	0	6	5.61178e+06	7	4	6	209715	1.54322e+06
20	20	0	6	5.61178e+06	7	4	7	209715	1.4525e+06
20	20	0	6	5.61178e+06	7	4	8	209715	1.65426e+06
20	20	0	6	5.61178e+06	7	4	9	209715	1.87253e+06
20	20	0	6	5.61178e+06	7	4	10	209715	4.14348e+06
20	20	0	6	5.61178e+06	7	8	1	209715	2.94127e+06
20	20	0	6	5.61178e+06	7	8	2	209715	1.68566e+06
20	20	0	6	5.61178e+06	7	8	3	209715	1.42019e+06
20	20	0	6	5.61178e+06	7	8	4	209715	1.33455e+06
20	20	0	6	5.61178e+06	7	8	5	209715	1.51534e+06
20	20	0	6	5.61178e+06	7	8	6	209715	1.60605e+06
20	20	0	6	5.61178e+06	7	8	7	209715	1.57956e+06
20	20	0	6	5.61178e+06	7	8	8	209715	1.42305e+06
20	20	0	6	5.61178e+06	7	8	9	209715	2.7097e+06
20	20	0	6	5.61178e+06	7	8	10	209715	2.08451e+06
20	20	0	6	5.61178e+06	7	16	1	209715	2.63646e+06
20	20	0	6	5.61178e+06	7	16	2	209715	2.2255e+06
20	20	0	6	5.61178e+06	7	16	3	209715	1.86762e+06
20	20	0	6	5.61178e+06	7	16	4	209715	1.55697e+06
20	20	0	6	5.61178e+06	7	16	5	209715	1.34549e+06
20	20	0	6	5.61178e+06	7	16	6	209715	1.69394e+06
20	20	0	6	5.61178e+06	7	16	7	209715	1.53689e+06
20	20	0	6	5.61178e+06	7	16	8	209715	1.10069e+06
20	20	0	6	5.61178e+06	7	16	9	209715	1.58711e+06
20	20	0	6	5.61178e+06	7	16	10	0	0
20	20	0	6	5.61178e+06	7	32	1	209715	1.13358e+06
20	20	0	6	5.61178e+06	7	32	2	209715	900517
20	20	0	6	5.61178e+06	7	32	3	209715	931926
20	20	0	6	5.61178e+06	7	32	4	209715	873629
20	20	0	6	5.61178e+06	7	32	5	209715	1.14694e+06
20	20	0	6	5.61178e+06	7	32	6	209715	975418
20	20	0	6	5.61178e+06	7	32	7	209715	788801
20	20	0	6	5.61178e+06	7	32	8	209715	1.67428e+06
20	20	0	6	5.61178e+06	7	32	9	0	0
20	20	0	6	5.61178e+06	7	32	10	0	0
20	20	0	6	5.61178e+06	7	64	1	209715	1.10521e+06
20	20	0	6	5.61178e+06	7	64	2	209715	1.00395e+06
20	20	0	6	5.61178e+06	7	64	3	209715	878099
20	20	0	6	5.61178e+06	7	64	4	209715	1.335e+06
20	20	0	6	5.61178e+06	7	64	5	209715	1.53796e+06
20	20	0	6	5.61178e+06	7	64	6	209715	1.17568e+06
20	20	0	6	5.61178e+06	7	64	7	209715	823743
20	20	0	6	5.61178e+06	7	64	8	0	0
20	20	0	6	5.61178e+06	7	64	9	0	0
20	20	0	6	5.61178e+06	7	64	10	0	0
20	20	0	6	5.61178e+06	7	128	1	209715	1.45443e+06
20	20	0	6	5.61178e+06	7	128	2	209715	1.38373e+06
20	20	0	6	5.61178e+06	7	128	3	209715	1.08336e+06
20	20	0	6	5.61178e+06	7	128	4	209715	1.22239e+06
20	20	0	6	5.61178e+06	7	128	5	209715	1.37943e+06
20	20	0	6	5.61178e+06	7	128	6	209715	1.00945e+06
20	20	0	6	5.61178e+06	7	128	7	0	0
20	20	0	6	5.61178e+06	7	128	8	0	0
20	20	0	6	5.61178e+06	7	128	9	0	0
20	20	0	6	5.61178e+06	7	128	10	0	0
20	20	0	6	5.61178e+06	7	256	1	209715	1.02655e+06
20	20	0	6	5.61178e+06	7	256	2	209715	1.135e+06
20	20	0	6	5.61178e+06	7	256	3	209715	1.04643e+06
20	20	0	6	5.61178e+06	7	256	4	209715	1.09855e+06
20	20	0	6	5.61178e+06	7	256	5	209715	1.03145e+06
20	20	0	6	5.61178e+06	7	256	6	0	0
20	20	0	6	5.61178e+06	7	256	7	0	0
20	20	0	6	5.61178e+06	7	256	8	0	0
20	20	0	6	5.61178e+06	7	256	9	0	0
20	20	0	6	5.61178e+06	7	256	10	0	0
20	20	0	6	5.61178e+06	7	512	1	209715	1.22135e+06
20	20	0	6	5.61178e+06	7	512	2	209715	1.00004e+06
20	20	0	6	5.61178e+06	7	512	3	209715	973600
20	20	0	6	5.61178e+06	7	512	4	209715	1.01247e+06
20	20	0	6	5.61178e+06	7	512	5	0	0
20	20	0	6	5.61178e+06	7	512	6	0	0
20	20	0	6	5.61178e+06	7	512	7	0	0
20	20	0	6	5.61178e+06	7	512	8	0	0
20	20	0	6	5.61178e+06	7	512	9	0	0
20	20	0	6	5.61178e+06	7	512	10	0	0
20	30	0	4	5.01751e+06	0	1	1	314572	1.17761e+07
20	30	0	4	5.01751e+06	0	1	2	314572	1.2227e+07
20	30	0	4	5.01751e+06	0	1	3	314572	1.13098e+07
20	30	0	4	5.01751e+06	0	1	4	314572	1.0612e+07
20	30	0	4	5.01751e+06	0	1	5	314572	1.03818e+07
20	30	0	4	5.01751e+06	0	1	6	314572	1.09293e+07
20	30	0	4	5.01751e+06	0	1	7	314572	1.08513e+07
20	30	0	4	5.01751e+06	0	1	8	314572	1.05621e+07
20	30	0	4	5.01751e+06	0	1	9	314572	1.57252e+07
20	30	0	4	5.01751e+06	0	1	10	314572	1.02172e+07
20	30	0	4	5.01751e+06	1	2	1	314572	1.14607e+07
20	30	0	4	5.01751e+06	1	2	2	314572	1.10028e+07
20	30	0	4	5.01751e+06	1	2	3	314572	1.02061e+07
20	30	0	4	5.01751e+06	1	2	4	314572	1.14477e+07
20	30	0	4	5.01751e+06	1	2	5	314572	1.00748e+07
20	30	0	4	5.01751e+06	1	2	6	314572	1.02339e+07
20	30	0	4	5.01751e+06	1	2	7	314572	1.02839e+07
20	30	0	4	5.01751e+06	1	2	8	314572	1.01423e+07
20	30	0	4	5.01751e+06	1	2	9	314572	1.10602e+07
20	30	0	4	5.01751e+06	1	2	10	314572	1.06426e+07
20	30	0	4	5.01751e+06	1	4	1	314572	1.09793e+07
20	30	0	4	5.01751e+06	1	4	2	314572	1.0569e+07
20	30	0	4	5.01751e+06	1	4	3	314572	1.128e+07
20	30	0	4	5.01751e+06	1	4	4	314572	1.01368e+07
20	30	0	4	5.01751e+06	1	4	5	314572	1.01598e+07
20	30	0	4	5.01751e+06	1	4	6	314572	1.04946e+07
20	30	0	4	5.01751e+06	1	4	7	314572	1.02851e+07
20	30	0	4	5.01751e+06	1	4	8	314572	1.06973e+07
20	30	0	4	5.01751e+06	1	4	9	314572	1.19241e+07
20	30	0	4	5.01751e+06	1	4	10	314572	1.04158e+07
20	30	0	4	5.01751e+06	1	8	1	314572	1.03123e+07
20	30	0	4	5.01751e+06	1	8	2	314572	1.02705e+07
20	30	0	4	5.01751e+06	1	8	3	314572	1.01541e+07
20	30	0	4	5.01751e+06	1	8	4	314572	1.01245e+07
20	30	0	4	5.01751e+06	1	8	5	314572	1.0377e+07
20	30	0	4	5.01751e+06	1	8	6	314572	1.01055e+07
20	30	0	4	5.01751e+06	1	8	7	314572	1.03462e+07
20	30	0	4	5.01751e+06	1	8	8	314572	1.04248e+07
20	30	0	4	5.01751e+06	1	8	9	314572	1.06106e+07
20	30	0	4	5.01751e+06	1	8	10	314572	1.01411e+07
20	30	0	4	5.01751e+06	1	16	1	314572	1.03039e+07
20	30	0	4	5.01751e+06	1	16	2	314572	1.04192e+07
20	30	0	4	5.01751e+06	1	16	3	314572	1.06883e+07
20	30	0	4	5.01751e+06	1	16	4	314572	1.14146e+07
20	30	0	4	5.01751e+06	1	16	5	314572	1.06937e+07
20	30	0	4	5.01751e+06	1	16	6	314572	1.03299e+07
20	30	0	4	5.01751e+06	1	16	7	314572	1.12011e+07
20	30	0	4	5.01751e+06	1	16	8	314572	1.01207e+07
20	30	0	4	5.01751e+06	1	16	9	314572	1.04515e+07
20	30	0	4	5.01751e+06	1	16	10	314572	1.04375e+07
20	30	0	4	5.01751e+06	1	32	1	314572	1.01615e+07
20	30	0	4	5.01751e+06	1	32	2	314572	1.02115e+07
20	30	0	4	5.01751e+06	1	32	3	314572	1.04859e+07
20	30	0	4	5.01751e+06	1	32	4	314572	1.01592e+07
20	30	0	4	5.01751e+06	1	32	5	314572	1.01716e+07
20	30	0	4	5.01751e+06	1	32	6	314572	1.11005e+07
20	30	0	4	5.01751e+06	1	32	7	314572	1.02615e+07
20	30	0	4	5.01751e+06	1	32	8	314572	1.01034e+07
20	30	0	4	5.01751e+06	1	32	9	314572	1.01188e+07
20	30	0	4	5.01751e+06	1	32	10	314572	1.01431e+07
20	30	0	4	5.01751e+06	1	64	1	314572	9.9568e+06
20	30	0	4	5.01751e+06	1	64	2	314572	1.01009e+07
20	30	0	4	5.01751e+06	1	64	3	314572	1.19896e+07
20	30	0	4	5.01751e+06	1	64	4	314572	1.41019e+07
20	30	0	4	5.01751e+06	1	64	5	314572	1.10127e+07
20	30	0	4	5.01751e+06	1	64	6	314572	9.97398e+06
20	30	0	4	5.01751e+06	1	64	7	314572	9.95569e+06
20	30	0	4	5.01751e+06	1	64	8	314572	9.87544e+06
20	30	0	4	5.01751e+06	1	64	9	314572	1.0025e+07
20	30	0	4	5.01751e+06	1	64	10	314572	1.03452e+07
20	30	0	4	5.01751e+06	1	128	1	314572	1.02596e+07
20	30	0	4	5.01751e+06	1	128	2	314572	1.21971e+07
20	30	0	4	5.01751e+06	1	128	3	314572	1.00303e+07
20	30	0	4	5.01751e+06	1	128	4	314572	1.00058e+07
20	30	0	4	5.01751e+06	1	128	5	314572	1.04685e+07
20	30	0	4	5.01751e+06	1	128	6	314572	9.90676e+06
20	30	0	4	5.01751e+06	1	128	7	314572	9.92068e+06
20	30	0	4	5.01751e+06	1	128	8	314572	1.01233e+07
20	30	0	4	5.01751e+06	1	128	9	314572	9.95441e+06
20	30	0	4	5.01751e+06	1	128	10	314572	9.97774e+06
20	30	0	4	5.01751e+06	1	256	1	314572	9.86755e+06
20	30	0	4	5.01751e+06	1	256	2	314572	1.02476e+07
20	30	0	4	5.01751e+06	1	256	3	314572	9.9661e+06
20	30	0	4	5.01751e+06	1	256	4	314572	1.0016e+07
20	30	0	4	5.01751e+06	1	256	5	314572	1.01296e+07
20	30	0	4	5.01751e+06	1	256	6	314572	9.93683e+06
20	30	0	4	5.01751e+06	1	256	7	314572	9.97291e+06
20	30	0	4	5.01751e+06	1	256	8	314572	1.02188e+07
20	30	0	4	5.01751e+06	1	256	9	314572	9.97879e+06
20	30	0	4	5.01751e+06	1	256	10	314572	9.93207e+06
20	30	0	4	5.01751e+06	1	512	1	314572	1.1637e+07
20	30	0	4	5.01751e+06	1	512	2	314572	1.07039e+07
20	30	0	4	5.01751e+06	1	512	3	314572	1.08082e+07
20	30	0	4	5.01751e+06	1	512	4	314572	1.00235e+07
20	30	0	4	5.01751e+06	1	512	5	314572	1.0366e+07
20	30	0	4	5.01751e+06	1	512	6	314572	1.09125e+07
20	30	0	4	5.01751e+06	1	512	7	314572	9.97963e+06
20	30	0	4	5.01751e+06	1	512	8	314572	1.08132e+07
20	30	0	4	5.01751e+06	1	512	9	314572	1.10309e+07
20	30	0	4	5.01751e+06	1	512	10	314572	8.85359e+06
20	30	0	4	5.01751e+06	2	2	1	314572	8.36916e+06
20	30	0	4	5.01751e+06	2	2	2	314572	5.7641e+06
20	30	0	4	5.01751e+06	2	2	3	314572	5.56549e+06
20	30	0	4	5.01751e+06	2	2	4	314572	5.45336e+06
20	30	0	4	5.01751e+06	2	2	5	314572	5.25246e+06
20	30	0	4	5.01751e+06	2	2	6	314572	5.20225e+06
20	30	0	4	5.01751e+06	2	2	7	314572	5.09178e+06
20	30	0	4	5.01751e+06	2	2	8	314572	5.30655e+06
20	30	0	4	5.01751e+06	2	2	9	314572	4.98883e+06
20	30	0	4	5.01751e+06	2	2	10	314572	5.03797e+06
20	30	0	4	5.01751e+06	2	4	1	314572	3.0323e+06
20	30	0	4	5.01751e+06	2	4	2	314572	2.84597e+06
20	30	0	4	5.01751e+06	2	4	3	314572	3.23776e+06
20	30	0	4	5.01751e+06	2	4	4	314572	2.74159e+06
20	30	0	4	5.01751e+06	2	4	5	314572	2.78253e+06
20	30	0	4	5.01751e+06	2	4	6	314572	2.83795e+06
20	30	0	4	5.01751e+06	2	4	7	314572	2.77226e+06
20	30	0	4	5.01751e+06	2	4	8	314572	2.76033e+06
20	30	0	4	5.01751e+06	2	4	9	314572	2.79776e+06
20	30	0	4	5.01751e+06	2	4	10	314572	2.85466e+06
20	30	0	4	5.01751e+06	2	8	1	314572	1.72944e+06
20	30	0	4	5.01751e+06	2	8	2	314572	1.42108e+06
20	30	0	4	5.01751e+06	2	8	3	314572	1.49969e+06
20	30	0	4	5.01751e+06	2	8	4	314572	1.51236e+06
20	30	0	4	5.01751e+06	2	8	5	314572	1.42092e+06
20	30	0	4	5.01751e+06	2	8	6	314572	1.41488e+06
20	30	0	4	5.01751e+06	2	8	7	314572	1.42445e+06
20	30	0	4	5.01751e+06	2	8	8	314572	1.35306e+06
20	30	0	4	5.01751e+06	2	8	9	314572	1.3349e+06
20	30	0	4	5.01751e+06	2	8	10	314572	1.36305e+06
20	30	0	4	5.01751e+06	2	16	1	314572	1.10411e+06
20	30	0	4	5.01751e+06	2	16	2	314572	842861
20	30	0	4	5.01751e+06	2	16	3	314572	884826
20	30	0	4	5.01751e+06	2	16	4	314572	1.00487e+06
20	30	0	4	5.01751e+06	2	16	5	314572	945074
20	30	0	4	5.01751e+06	2	16	6	314572	820123
20	30	0	4	5.01751e+06	2	16	7	314572	814037
20	30	0	4	5.01751e+06	2	16	8	314572	923073
20	30	0	4	5.01751e+06	2	16	9	314572	882762
20	30	0	4	5.01751e+06	2	16	10	314572	1.24162e+06
20	30	0	4	5.01751e+06	2	32	1	314572	1.32439e+06
20	30	0	4	5.01751e+06	2	32	2	314572	903124
20	30	0	4	5.01751e+06	2	32	3	314572	698786
20	30	0	4	5.01751e+06	2	32	4	314572	698067
20	30	0	4	5.01751e+06	2	32	5	314572	1.21795e+06
20	30	0	4	5.01751e+06	2	32	6	314572	692466
20	30	0	4	5.01751e+06	2	32	7	314572	683786
20	30	0	4	5.01751e+06	2	32	8	314572	820075
20	30	0	4	5.01751e+06	2	32	9	314572	850922
20	30	0	4	5.01751e+06	2	32	10	314572	830455
20	30	0	4	5.01751e+06	2	64	1	314572	657171
20	30	0	4	5.01751e+06	2	64	2	314572	982620
20	30	0	4	5.01751e+06	2	64	3	314572	1.17921e+06
20	30	0	4	5.01751e+06	2	64	4	314572	660156
20	30	0	4	5.01751e+06	2	64	5	314572	583776
20	30	0	4	5.01751e+06	2	64	6	314572	622168
20	30	0	4	5.01751e+06	2	64	7	314572	708915
20	30	0	4	5.01751e+06	2	64	8	314572	808390
20	30	0	4	5.01751e+06	2	64	9	314572	928173
20	30	0	4	5.01751e+06	2	64	10	314572	1.0053e+06
20	30	0	4	5.01751e+06	2	128	1	314572	830742
20	30	0	4	5.01751e+06	2	128	2	314572	1.0218e+06
20	30	0	4	5.01751e+06	2	128	3	314572	1.07825e+06
20	30	0	4	5.01751e+06	2	128	4	314572	594878
20	30	0	4	5.01751e+06	2	128	5	314572	1.18498e+06
20	30	0	4	5.01751e+06	2	128	6	314572	1.10384e+06
20	30	0	4	5.01751e+06	2	128	7	314572	968509
20	30	0	4	5.01751e+06	2	128	8	314572	1.23559e+06
20	30	0	4	5.01751e+06	2	128	9	314572	709533
20	30	0	4	5.01751e+06	2	128	10	314572	744504
20	30	0	4	5.01751e+06	2	256	1	314572	1.05225e+06
20	30	0	4	5.01751e+06	2	256	2	314572	1.27008e+06
20	30	0	4	5.01751e+06	2	256	3	314572	578916
20	30	0	4	5.01751e+06	2	256	4	314572	552381
20	30	0	4	5.01751e+06	2	256	5	314572	755528
20	30	0	4	5.01751e+06	2	256	6	314572	613864
20	30	0	4	5.01751e+06	2	256	7	314572	765810
20	30	0	4	5.01751e+06	2	256	8	314572	564355
20	30	0	4	5.01751e+06	2	256	9	314572	544895
20	30	0	4	5.01751e+06	2	256	10	314572	504230
20	30	0	4	5.01751e+06	2	512	1	314572	707620
20	30	0	4	5.01751e+06	2	512	2	314572	869521
20	30	0	4	5.01751e+06	2	512	3	314572	556333
20	30	0	4	5.01751e+06	2	512	4	314572	542235
20	30	0	4	5.01751e+06	2	512	5	314572	496254
20	30	0	4	5.01751e+06	2	512	6	314572	722036
20	30	0	4	5.01751e+06	2	512	7	314572	489730
20	30	0	4	5.01751e+06	2	512	8	314572	590768
20	30	0	4	5.01751e+06	2	512	9	314572	615379
20	30	0	4	5.01751e+06	2	512	10	314572	1.28048e+06
20	30	0	4	5.01751e+06	3	2	1	314572	6.99667e+06
20	30	0	4	5.01751e+06	3	2	2	314572	5.74317e+06
20	30	0	4	5.01751e+06	3	2	3	314572	5.72636e+06
20	30	0	4	5.01751e+06	3	2	4	314572	5.29474e+06
20	30	0	4	5.01751e+06	3	2	5	314572	5.2055e+06
20	30	0	4	5.01751e+06	3	2	6	314572	5.49299e+06
